{
	"credit": "Made by MysticalSpire with the Blockbench Tool",
	"ambientocclusion": false,
	"textures": {
		"0": "extrablocks/doors/custom_oak_door_additional",
		"2": "extrablocks/doors/custom_dark_oak_door_upper",
		"particle": "extrablocks/doors/custom_dark_oak_door_upper"
	},
	"elements": [
		{
			"name": "plank 1 t",
			"from": [-0.25, 0, 0.25],
			"to": [1.75, 15.75, 2.25],
			"faces": {
				"north": {"uv": [15.5, 0, 14, 16], "texture": "#2"},
				"east": {
					"uv": [13.75, 0.25, 15.75, 16],
					"texture": "#2"
				},
				"south": {"uv": [15.5, 0, 14, 16], "texture": "#2"},
				"west": {
					"uv": [15.75, 0.25, 13.75, 16],
					"texture": "#2"
				},
				"up": {
					"uv": [0, 11.25, 2.5, 9.75],
					"texture": "#2",
					"rotation": 270
				},
				"down": {
					"uv": [7, 13.5, 9, 11.5],
					"texture": "#2",
					"rotation": 90
				}
			}
		},
		{
			"name": "handle 7",
			"from": [-2.25, 0, 0.75],
			"to": [-0.75, 1, 1.75],
			"rotation": {
				"angle": 0,
				"axis": "y",
				"origin": [-1.75, 0.5, 1.5]
			},
			"faces": {
				"north": {
					"uv": [7.5, 0, 8.5, 1.5],
					"texture": "#0",
					"rotation": 270
				},
				"east": {
					"uv": [7.5, 0.25, 8.5, 1.25],
					"texture": "#0",
					"rotation": 180
				},
				"south": {
					"uv": [7.5, 0, 8.5, 1.5],
					"texture": "#0",
					"rotation": 90
				},
				"west": {
					"uv": [7.5, 0.25, 8.5, 1.25],
					"texture": "#0"
				},
				"up": {
					"uv": [8.5, 1.5, 7.5, 0],
					"texture": "#0",
					"rotation": 270
				},
				"down": {
					"uv": [8.5, 1.5, 7.5, 0],
					"texture": "#0",
					"rotation": 270
				}
			}
		},
		{
			"name": "handle 6",
			"from": [-2, -0.25, 0.5],
			"to": [-1, 1.25, 2],
			"rotation": {
				"angle": 0,
				"axis": "y",
				"origin": [-1.5, 0.25, 1.75]
			},
			"faces": {
				"north": {
					"uv": [5.75, 0, 4.25, 1],
					"texture": "#0",
					"rotation": 270
				},
				"east": {
					"uv": [7.25, 0, 8.75, 1.5],
					"texture": "#0",
					"rotation": 180
				},
				"south": {
					"uv": [4.25, 0, 5.75, 1],
					"texture": "#0",
					"rotation": 90
				},
				"west": {
					"uv": [7.25, 0, 8.75, 1.5],
					"texture": "#0"
				},
				"up": {
					"uv": [5.75, 1, 4.25, 0],
					"texture": "#0",
					"rotation": 270
				},
				"down": {
					"uv": [5.75, 1, 4.25, 0],
					"texture": "#0",
					"rotation": 270
				}
			}
		},
		{
			"name": "handle 0",
			"from": [-0.5, -1.75, 0.5],
			"to": [-0.25, 1.75, 2],
			"faces": {
				"north": {"uv": [9, 0, 8.75, 3.5], "texture": "#0"},
				"east": {
					"uv": [10.25, 0, 8.75, 3.5],
					"texture": "#0"
				},
				"south": {"uv": [9, 0, 8.75, 3.5], "texture": "#0"},
				"west": {
					"uv": [10.25, 0, 8.75, 3.5],
					"texture": "#0"
				},
				"up": {"uv": [9, 3.5, 8.75, 2], "texture": "#0"},
				"down": {"uv": [9.25, 1.5, 9, 0], "texture": "#0"}
			}
		},
		{
			"name": "handle 1",
			"from": [-1.5, 0.25, 1],
			"to": [0.25, 0.75, 1.5],
			"faces": {
				"north": {"uv": [5.75, 0.5, 4, 1], "texture": "#0"},
				"east": {"uv": [5.75, 0.5, 4, 1], "texture": "#0"},
				"south": {"uv": [5.75, 0.5, 4, 1], "texture": "#0"},
				"west": {"uv": [5.75, 0.5, 4, 1], "texture": "#0"},
				"up": {"uv": [5, 0.5, 6.75, 0], "texture": "#0"},
				"down": {"uv": [4, 1, 5.75, 0.5], "texture": "#0"}
			}
		},
		{
			"name": "handle 2",
			"from": [-0.75, 0, 1],
			"to": [-0.5, 1, 1.5],
			"faces": {
				"north": {"uv": [5.75, 0, 5.5, 1], "texture": "#0"},
				"east": {"uv": [5.25, 0, 4.75, 1], "texture": "#0"},
				"south": {"uv": [4.75, 0, 4.5, 1], "texture": "#0"},
				"west": {"uv": [5.25, 0, 4.75, 1], "texture": "#0"},
				"up": {
					"uv": [5.25, 0, 4.75, 0.25],
					"texture": "#0",
					"rotation": 90
				},
				"down": {
					"uv": [4.25, 0, 3.75, 0.25],
					"texture": "#0",
					"rotation": 90
				}
			}
		},
		{
			"name": "handle 3",
			"from": [-0.75, 0.25, 0.75],
			"to": [-0.5, 0.75, 1.75],
			"faces": {
				"north": {"uv": [4.25, 0, 4, 0.5], "texture": "#0"},
				"east": {"uv": [5.5, 0, 4.5, 0.5], "texture": "#0"},
				"south": {"uv": [6.25, 0, 6, 0.5], "texture": "#0"},
				"west": {"uv": [5.5, 0.5, 4.5, 1], "texture": "#0"},
				"up": {"uv": [4.25, 0, 4, 1], "texture": "#0"},
				"down": {"uv": [4.25, 0, 4, 1], "texture": "#0"}
			}
		},
		{
			"name": "plank 1",
			"from": [0, 0, 0],
			"to": [1.5, 16, 2.5],
			"faces": {
				"north": {"uv": [15.5, 0, 14, 16], "texture": "#2"},
				"east": {"uv": [16, 0, 13.5, 16], "texture": "#2"},
				"south": {"uv": [15.5, 0, 14, 16], "texture": "#2"},
				"west": {"uv": [13.5, 0, 16, 16], "texture": "#2"},
				"up": {
					"uv": [0, 11.25, 2.5, 9.75],
					"texture": "#2",
					"rotation": 270
				},
				"down": {
					"uv": [6.75, 13.25, 9.25, 11.75],
					"texture": "#2",
					"rotation": 90
				}
			}
		},
		{
			"name": "plank 2 t",
			"from": [0, 0, 13.5],
			"to": [1.5, 16, 16],
			"faces": {
				"north": {"uv": [15.5, 0, 14, 16], "texture": "#2"},
				"east": {"uv": [0, 0, 2.5, 16], "texture": "#2"},
				"south": {"uv": [15.5, 0, 14, 16], "texture": "#2"},
				"west": {"uv": [2.5, 0, 0, 16], "texture": "#2"},
				"up": {
					"uv": [0, 12, 2.5, 10.5],
					"texture": "#2",
					"rotation": 90
				},
				"down": {
					"uv": [6.75, 13.25, 9.25, 11.75],
					"texture": "#2",
					"rotation": 270
				}
			}
		},
		{
			"name": "plank 2",
			"from": [-0.25, 0, 13.75],
			"to": [1.75, 15.75, 15.75],
			"faces": {
				"north": {"uv": [15.5, 0, 14, 16], "texture": "#2"},
				"east": {
					"uv": [0.25, 0.25, 2.25, 16],
					"texture": "#2"
				},
				"south": {"uv": [15.5, 0, 14, 16], "texture": "#2"},
				"west": {
					"uv": [2.25, 0.25, 0.25, 16],
					"texture": "#2"
				},
				"up": {
					"uv": [0, 12, 2.5, 10.5],
					"texture": "#2",
					"rotation": 90
				},
				"down": {
					"uv": [7, 13.5, 9, 11.5],
					"texture": "#2",
					"rotation": 270
				}
			}
		},
		{
			"name": "plank 3 t",
			"from": [-0.25, 13.75, 2.75],
			"to": [1.75, 15.75, 13.25],
			"faces": {
				"north": {
					"uv": [0.25, 0, 0, 0.25],
					"texture": "#2",
					"tintindex": 0
				},
				"east": {
					"uv": [13.25, 0.25, 2.75, 2.25],
					"texture": "#2",
					"tintindex": 0
				},
				"south": {
					"uv": [0.25, 0, 0, 0.25],
					"texture": "#2",
					"tintindex": 0
				},
				"west": {
					"uv": [13.25, 0.25, 2.75, 2.25],
					"texture": "#2",
					"tintindex": 0
				},
				"up": {
					"uv": [2.5, 2, 13.5, 0.5],
					"texture": "#2",
					"rotation": 90,
					"tintindex": 0
				},
				"down": {
					"uv": [2.5, 2, 13.5, 0.5],
					"texture": "#2",
					"rotation": 90,
					"tintindex": 0
				}
			}
		},
		{
			"name": "plank 3",
			"from": [0, 13.5, 2.5],
			"to": [1.5, 16, 13.5],
			"faces": {
				"north": {
					"uv": [0.25, 0, 0, 0.25],
					"texture": "#2",
					"tintindex": 0
				},
				"east": {
					"uv": [13.5, 0, 2.5, 2.5],
					"texture": "#2",
					"tintindex": 0
				},
				"south": {
					"uv": [0.25, 0, 0, 0.25],
					"texture": "#2",
					"tintindex": 0
				},
				"west": {
					"uv": [13.5, 0, 2.5, 2.5],
					"texture": "#2",
					"tintindex": 0
				},
				"up": {
					"uv": [2.5, 2, 13.5, 0.5],
					"texture": "#2",
					"rotation": 90,
					"tintindex": 0
				},
				"down": {
					"uv": [2.5, 2, 13.5, 0.5],
					"texture": "#2",
					"rotation": 90,
					"tintindex": 0
				}
			}
		},
		{
			"name": "cube",
			"from": [-0.5, 12, 15.5],
			"to": [2, 13, 16.5],
			"faces": {
				"north": {
					"uv": [6.25, 0, 3.75, 1],
					"texture": "#0",
					"rotation": 90
				},
				"east": {"uv": [7.25, 0, 6.25, 1], "texture": "#0"},
				"south": {
					"uv": [6.25, 0, 3.75, 1],
					"texture": "#0"
				},
				"west": {
					"uv": [7.25, 0, 6.25, 1],
					"texture": "#0",
					"rotation": 90
				},
				"up": {"uv": [3.75, 1, 6.25, 0], "texture": "#0"},
				"down": {
					"uv": [3.75, 1, 6.25, 0],
					"texture": "#0",
					"rotation": 180
				}
			}
		},
		{
			"name": "handle 7",
			"from": [2.25, 0, 0.75],
			"to": [3.75, 1, 1.75],
			"rotation": {
				"angle": 0,
				"axis": "y",
				"origin": [3.25, 0.5, 1.5]
			},
			"faces": {
				"north": {
					"uv": [8.5, 0, 7.5, 1.5],
					"texture": "#0",
					"rotation": 270
				},
				"east": {
					"uv": [8.5, 0.25, 7.5, 1.25],
					"texture": "#0"
				},
				"south": {
					"uv": [8.5, 0, 7.5, 1.5],
					"texture": "#0",
					"rotation": 90
				},
				"west": {
					"uv": [8.5, 0.25, 7.5, 1.25],
					"texture": "#0",
					"rotation": 180
				},
				"up": {
					"uv": [7.5, 1.5, 8.5, 0],
					"texture": "#0",
					"rotation": 270
				},
				"down": {
					"uv": [7.5, 1.5, 8.5, 0],
					"texture": "#0",
					"rotation": 270
				}
			}
		},
		{
			"name": "handle 6",
			"from": [2.5, -0.25, 0.5],
			"to": [3.5, 1.25, 2],
			"rotation": {
				"angle": 0,
				"axis": "y",
				"origin": [3, 0.25, 0.75]
			},
			"faces": {
				"north": {
					"uv": [5.75, 0, 4.25, 1],
					"texture": "#0",
					"rotation": 90
				},
				"east": {
					"uv": [8.75, 0, 7.25, 1.5],
					"texture": "#0",
					"rotation": 180
				},
				"south": {
					"uv": [4.25, 0, 5.75, 1],
					"texture": "#0",
					"rotation": 270
				},
				"west": {
					"uv": [8.75, 0, 7.25, 1.5],
					"texture": "#0"
				},
				"up": {
					"uv": [4.25, 1, 5.75, 0],
					"texture": "#0",
					"rotation": 90
				},
				"down": {
					"uv": [4.25, 1, 5.75, 0],
					"texture": "#0",
					"rotation": 90
				}
			}
		},
		{
			"name": "handle 0",
			"from": [1.75, -1.75, 0.5],
			"to": [2, 1.75, 2],
			"faces": {
				"north": {"uv": [8.75, 0, 9, 3.5], "texture": "#0"},
				"east": {
					"uv": [8.75, 0, 10.25, 3.5],
					"texture": "#0"
				},
				"south": {"uv": [8.75, 0, 9, 3.5], "texture": "#0"},
				"west": {
					"uv": [8.75, 0, 10.25, 3.5],
					"texture": "#0"
				},
				"up": {"uv": [8.75, 3.5, 9, 2], "texture": "#0"},
				"down": {"uv": [9, 1.5, 9.25, 0], "texture": "#0"}
			}
		},
		{
			"name": "handle 1",
			"from": [1.25, 0.25, 1],
			"to": [3, 0.75, 1.5],
			"faces": {
				"north": {"uv": [4, 0.5, 5.75, 1], "texture": "#0"},
				"east": {"uv": [4, 0.5, 5.75, 1], "texture": "#0"},
				"south": {"uv": [4, 0.5, 5.75, 1], "texture": "#0"},
				"west": {"uv": [4, 0.5, 5.75, 1], "texture": "#0"},
				"up": {"uv": [6.75, 0.5, 5, 0], "texture": "#0"},
				"down": {"uv": [5.75, 1, 4, 0.5], "texture": "#0"}
			}
		},
		{
			"name": "handle 2",
			"from": [2, 0, 1],
			"to": [2.25, 1, 1.5],
			"faces": {
				"north": {"uv": [5.5, 0, 5.75, 1], "texture": "#0"},
				"east": {"uv": [4.75, 0, 5.25, 1], "texture": "#0"},
				"south": {"uv": [4.5, 0, 4.75, 1], "texture": "#0"},
				"west": {"uv": [4.75, 0, 5.25, 1], "texture": "#0"},
				"up": {
					"uv": [4.75, 0, 5.25, 0.25],
					"texture": "#0",
					"rotation": 90
				},
				"down": {
					"uv": [3.75, 0, 4.25, 0.25],
					"texture": "#0",
					"rotation": 90
				}
			}
		},
		{
			"name": "handle 3",
			"from": [2, 0.25, 0.75],
			"to": [2.25, 0.75, 1.75],
			"faces": {
				"north": {"uv": [4, 0, 4.25, 0.5], "texture": "#0"},
				"east": {"uv": [4.5, 0.5, 5.5, 1], "texture": "#0"},
				"south": {"uv": [6, 0, 6.25, 0.5], "texture": "#0"},
				"west": {"uv": [4.5, 0, 5.5, 0.5], "texture": "#0"},
				"up": {"uv": [4, 0, 4.25, 1], "texture": "#0"},
				"down": {"uv": [4, 0, 4.25, 1], "texture": "#0"}
			}
		},
		{
			"name": "mid edge 2",
			"from": [-0.25, 1.25, 3.25],
			"to": [1.75, 12.25, 3.75],
			"faces": {
				"north": {
					"uv": [13.75, 3, 15.75, 14],
					"texture": "#2"
				},
				"east": {
					"uv": [12.25, 3.75, 12.75, 14.75],
					"texture": "#2"
				},
				"south": {
					"uv": [15.75, 1.75, 13.75, 12.75],
					"texture": "#2"
				},
				"west": {
					"uv": [3.25, 3.75, 3.75, 14.75],
					"texture": "#2"
				},
				"up": {"uv": [0, 0.5, 2, 0], "texture": "#2"},
				"down": {"uv": [0, 0.5, 2, 0], "texture": "#2"}
			}
		},
		{
			"name": "mid edge 4",
			"from": [-0.25, 0.75, 3.25],
			"to": [1.75, 1.25, 12.75],
			"rotation": {
				"angle": 0,
				"axis": "x",
				"origin": [0.75, 1, 7.25]
			},
			"faces": {
				"north": {
					"uv": [8.5, 3.5, 6.5, 3],
					"texture": "#2"
				},
				"east": {
					"uv": [12.75, 3.75, 3.25, 3.25],
					"texture": "#2"
				},
				"south": {
					"uv": [8.25, 15.5, 6.25, 15],
					"texture": "#2",
					"rotation": 180
				},
				"west": {
					"uv": [12.75, 3.75, 3.25, 3.25],
					"texture": "#2"
				},
				"up": {
					"uv": [13.75, 4.25, 15.75, 13.75],
					"texture": "#2"
				},
				"down": {
					"uv": [13.75, 3.5, 15.75, 13],
					"texture": "#2",
					"rotation": 180
				}
			}
		},
		{
			"name": "mid edge 3",
			"from": [-0.25, 12.25, 3.25],
			"to": [1.75, 12.75, 12.75],
			"rotation": {
				"angle": 0,
				"axis": "x",
				"origin": [0.75, 12.5, 7.25]
			},
			"faces": {
				"north": {
					"uv": [8.5, 3, 6.5, 3.5],
					"texture": "#2"
				},
				"east": {
					"uv": [12.75, 3.25, 3.25, 3.75],
					"texture": "#2"
				},
				"south": {
					"uv": [8.25, 15, 6.25, 15.5],
					"texture": "#2",
					"rotation": 180
				},
				"west": {
					"uv": [12.75, 3.25, 3.25, 3.75],
					"texture": "#2"
				},
				"up": {
					"uv": [13.75, 12.5, 15.75, 3],
					"texture": "#2",
					"rotation": 180
				},
				"down": {
					"uv": [13.75, 12.75, 15.75, 3.25],
					"texture": "#2"
				}
			}
		},
		{
			"name": "mid edge 1",
			"from": [-0.25, 1.25, 12.25],
			"to": [1.75, 12.25, 12.75],
			"faces": {
				"north": {
					"uv": [15.75, 3, 13.75, 14],
					"texture": "#2"
				},
				"east": {
					"uv": [12.75, 3.75, 12.25, 14.75],
					"texture": "#2"
				},
				"south": {
					"uv": [15.75, 3, 13.75, 14],
					"texture": "#2"
				},
				"west": {
					"uv": [3.75, 3.75, 3.25, 14.75],
					"texture": "#2"
				},
				"up": {"uv": [0, 0.5, 2, 0], "texture": "#2"},
				"down": {"uv": [0, 0.5, 2, 0], "texture": "#2"}
			}
		},
		{
			"name": "mid plate 2",
			"from": [0, 0.5, 3],
			"to": [1.5, 13, 13],
			"faces": {
				"north": {
					"uv": [15.5, 2.75, 14, 15.25],
					"texture": "#2"
				},
				"east": {"uv": [13, 3, 3, 15.5], "texture": "#2"},
				"south": {
					"uv": [15.5, 2, 14, 14.5],
					"texture": "#2"
				},
				"west": {"uv": [13, 3, 3, 15.5], "texture": "#2"},
				"up": {
					"uv": [14, 12.25, 15.5, 2.25],
					"texture": "#2"
				},
				"down": {
					"uv": [14, 13.25, 15.5, 3.25],
					"texture": "#2"
				}
			}
		},
		{
			"name": "mid plate",
			"from": [0.25, 0, 2.5],
			"to": [1.25, 13.5, 13.5],
			"faces": {
				"north": {
					"uv": [13.5, 2.5, 2.5, 16],
					"texture": "#2"
				},
				"east": {
					"uv": [13.5, 2.5, 2.5, 16],
					"texture": "#2"
				},
				"south": {
					"uv": [13.5, 2.5, 2.5, 16],
					"texture": "#2"
				},
				"west": {
					"uv": [13.5, 2.5, 2.5, 16],
					"texture": "#2"
				},
				"up": {"uv": [0, 11, 1, 0], "texture": "#2"},
				"down": {
					"uv": [14.25, 14.5, 15.25, 3.5],
					"texture": "#2"
				}
			}
		}
	],
	"groups": [
		{
			"name": "planks",
			"isOpen": true,
			"shade": true,
			"display": {"visibility": true, "autouv": false},
			"children": [
				0,
				{
					"name": "handle 2",
					"isOpen": false,
					"shade": true,
					"display": {"visibility": true, "autouv": false},
					"children": [1, 2, 3, 4, 5, 6]
				},
				7,
				8,
				9,
				10,
				11,
				12,
				13,
				14,
				15,
				16,
				17,
				18,
				19,
				20,
				21,
				22,
				23,
				24
			]
		},
		{
			"name": "handle 1",
			"isOpen": false,
			"shade": true,
			"display": {"visibility": true, "autouv": false},
			"children": []
		}
	]
}