{
	"ambientocclusion": false,
	"textures": {
		"0": "gaf/block/building/iron_bars",
		"particle": "block/iron_bars"
	},
	"elements": [
		{
			"name": "rod e up 2",
			"from": [7, 15, 7],
			"to": [9, 16, 9],
			"rotation": {
				"angle": 0,
				"axis": "y",
				"origin": [7.75, 23, 7.75]
			},
			"faces": {
				"north": {"uv": [1.5, 1, 3.5, 2], "texture": "#0"},
				"east": {"uv": [1.5, 1, 3.5, 2], "texture": "#0"},
				"south": {"uv": [1.5, 1, 3.5, 2], "texture": "#0"},
				"west": {"uv": [1.5, 1, 3.5, 2], "texture": "#0"},
				"up": {
					"uv": [1.5, 0, 3.5, 2],
					"texture": "#0",
					"rotation": 180
				},
				"down": {
					"uv": [1.5, 0, 3.5, 2],
					"texture": "#0",
					"rotation": 180
				}
			}
		},
		{
			"name": "rod e up 1",
			"from": [7, 15, 1.5],
			"to": [9, 16, 3.5],
			"rotation": {
				"angle": 0,
				"axis": "y",
				"origin": [7.75, 23, 2.25]
			},
			"faces": {
				"north": {"uv": [1.5, 1, 3.5, 2], "texture": "#0"},
				"east": {"uv": [1.5, 1, 3.5, 2], "texture": "#0"},
				"south": {"uv": [1.5, 1, 3.5, 2], "texture": "#0"},
				"west": {"uv": [1.5, 1, 3.5, 2], "texture": "#0"},
				"up": {
					"uv": [1.5, 0, 3.5, 2],
					"texture": "#0",
					"rotation": 180
				},
				"down": {
					"uv": [1.5, 0, 3.5, 2],
					"texture": "#0",
					"rotation": 180
				}
			}
		},
		{
			"name": "rod e 2",
			"from": [7, 0, 7],
			"to": [9, 1, 9],
			"rotation": {
				"angle": 0,
				"axis": "y",
				"origin": [7.75, 8, 8.25]
			},
			"faces": {
				"north": {"uv": [1.5, 0, 3.5, 1], "texture": "#0"},
				"east": {"uv": [1.5, 0, 3.5, 1], "texture": "#0"},
				"south": {"uv": [1.5, 0, 3.5, 1], "texture": "#0"},
				"west": {"uv": [1.5, 0, 3.5, 1], "texture": "#0"},
				"up": {
					"uv": [1.5, 0, 3.5, 2],
					"texture": "#0",
					"rotation": 90
				},
				"down": {
					"uv": [1.5, 0, 3.5, 2],
					"texture": "#0",
					"rotation": 270
				}
			}
		},
		{
			"name": "rod e 1",
			"from": [7, 0, 1.5],
			"to": [9, 1, 3.5],
			"rotation": {
				"angle": 0,
				"axis": "y",
				"origin": [7.75, 8, 2.25]
			},
			"faces": {
				"north": {"uv": [1.5, 0, 3.5, 1], "texture": "#0"},
				"east": {"uv": [1.5, 0, 3.5, 1], "texture": "#0"},
				"south": {"uv": [1.5, 0, 3.5, 1], "texture": "#0"},
				"west": {"uv": [1.5, 0, 3.5, 1], "texture": "#0"},
				"up": {
					"uv": [1.5, 0, 3.5, 2],
					"texture": "#0",
					"rotation": 180
				},
				"down": {
					"uv": [1.5, 0, 3.5, 2],
					"texture": "#0",
					"rotation": 180
				}
			}
		},
		{
			"name": "rod 3",
			"from": [7.25, 1, 7.25],
			"to": [8.75, 15, 8.75],
			"rotation": {
				"angle": 45,
				"axis": "y",
				"origin": [8, 9, 8]
			},
			"faces": {
				"north": {"uv": [0, 0, 1.5, 14], "texture": "#0"},
				"east": {"uv": [0, 0, 1.5, 14], "texture": "#0"},
				"south": {"uv": [0, 0, 1.5, 14], "texture": "#0"},
				"west": {"uv": [0, 0, 1.5, 14], "texture": "#0"},
				"up": {
					"uv": [0, 0, 1.5, 1.5],
					"texture": "#0",
					"rotation": 180
				},
				"down": {
					"uv": [0, 0, 1.5, 1.5],
					"texture": "#0",
					"rotation": 180
				}
			}
		},
		{
			"name": "rod 1",
			"from": [7.25, 1, 1.75],
			"to": [8.75, 15, 3.25],
			"rotation": {
				"angle": 45,
				"axis": "y",
				"origin": [8, 9, 2.5]
			},
			"faces": {
				"north": {"uv": [0, 0, 1.5, 14], "texture": "#0"},
				"east": {"uv": [0, 0, 1.5, 14], "texture": "#0"},
				"south": {"uv": [0, 0, 1.5, 14], "texture": "#0"},
				"west": {"uv": [0, 0, 1.5, 14], "texture": "#0"},
				"up": {
					"uv": [0, 0, 1.5, 1.5],
					"texture": "#0",
					"rotation": 180
				},
				"down": {
					"uv": [0, 0, 1.5, 1.5],
					"texture": "#0",
					"rotation": 180
				}
			}
		},
		{
			"name": "rod small",
			"from": [7.5, 3.5, 0],
			"to": [8.5, 4.5, 8],
			"rotation": {
				"angle": 0,
				"axis": "y",
				"origin": [8, 8.5, 4]
			},
			"faces": {
				"north": {"uv": [1.5, 5, 2.5, 6], "texture": "#0"},
				"east": {
					"uv": [1.5, 5, 9.5, 6],
					"texture": "#0",
					"rotation": 180
				},
				"south": {"uv": [1.5, 5, 2.5, 6], "texture": "#0"},
				"west": {"uv": [1.5, 5, 9.5, 6], "texture": "#0"},
				"up": {
					"uv": [1.5, 5, 9.5, 6],
					"texture": "#0",
					"rotation": 90
				},
				"down": {
					"uv": [1.5, 5, 9.5, 6],
					"texture": "#0",
					"rotation": 270
				}
			}
		},
{
			"name": "rod small 2",
			"from": [7.5, 11.5, 0],
			"to": [8.5, 12.5, 8],
			"rotation": {
				"angle": 0,
				"axis": "y",
				"origin": [8, 8.5, 4]
			},
			"faces": {
				"north": {"uv": [1.5, 5, 2.5, 6], "texture": "#0"},
				"east": {
					"uv": [1.5, 5, 9.5, 6],
					"texture": "#0",
					"rotation": 180
				},
				"south": {"uv": [1.5, 5, 2.5, 6], "texture": "#0"},
				"west": {"uv": [1.5, 5, 9.5, 6], "texture": "#0"},
				"up": {
					"uv": [1.5, 5, 9.5, 6],
					"texture": "#0",
					"rotation": 90
				},
				"down": {
					"uv": [1.5, 5, 9.5, 6],
					"texture": "#0",
					"rotation": 270
				}
			}
		},

		{
			"name": "deco 2 2",
			"from": [7.25, 16, 8],
			"to": [8.75, 19, 8],
			"rotation": {
				"angle": 45,
				"axis": "y",
				"origin": [8, 17.5, 8]
			},
			"faces": {
				"north": {"uv": [1.5, 2, 3, 5], "texture": "#0"},
				"east": {"uv": [1.5, 2, 3, 5], "texture": "#0"},
				"south": {"uv": [1.5, 2, 3, 5], "texture": "#0"},
				"west": {"uv": [1.5, 2, 3, 5], "texture": "#0"},
				"up": {
					"uv": [1.5, 2, 3, 5],
					"texture": "#0",
					"rotation": 90
				},
				"down": {
					"uv": [1.5, 2, 3, 5],
					"texture": "#0",
					"rotation": 270
				}
			}
		},
		{
			"name": "deco 1 1",
			"from": [7.25, 16, 2.5],
			"to": [8.75, 19, 2.5],
			"rotation": {
				"angle": 45,
				"axis": "y",
				"origin": [8, 17.5, 2.5]
			},
			"faces": {
				"north": {"uv": [1.5, 2, 3, 5], "texture": "#0"},
				"east": {"uv": [1.5, 2, 3, 5], "texture": "#0"},
				"south": {"uv": [1.5, 2, 3, 5], "texture": "#0"},
				"west": {"uv": [1.5, 2, 3, 5], "texture": "#0"},
				"up": {
					"uv": [1.5, 2, 3, 5],
					"texture": "#0",
					"rotation": 90
				},
				"down": {
					"uv": [1.5, 2, 3, 5],
					"texture": "#0",
					"rotation": 270
				}
			}
		},
		{
			"name": "deco 2",
			"from": [8, 16, 7.25],
			"to": [8, 19, 8.75],
			"rotation": {
				"angle": 45,
				"axis": "y",
				"origin": [8, 17.5, 8]
			},
			"faces": {
				"north": {"uv": [1.5, 2, 3, 5], "texture": "#0"},
				"east": {"uv": [1.5, 2, 3, 5], "texture": "#0"},
				"south": {"uv": [1.5, 2, 3, 5], "texture": "#0"},
				"west": {"uv": [1.5, 2, 3, 5], "texture": "#0"},
				"up": {"uv": [1.5, 2, 3, 5], "texture": "#0"},
				"down": {"uv": [1.5, 2, 3, 5], "texture": "#0"}
			}
		},
		{
			"name": "deco 1",
			"from": [8, 16, 1.75],
			"to": [8, 19, 3.25],
			"rotation": {
				"angle": 45,
				"axis": "y",
				"origin": [8, 17.5, 2.5]
			},
			"faces": {
				"north": {"uv": [1.5, 2, 3, 5], "texture": "#0"},
				"east": {"uv": [1.5, 2, 3, 5], "texture": "#0"},
				"south": {"uv": [1.5, 2, 3, 5], "texture": "#0"},
				"west": {"uv": [1.5, 2, 3, 5], "texture": "#0"},
				"up": {"uv": [1.5, 2, 3, 5], "texture": "#0"},
				"down": {"uv": [1.5, 2, 3, 5], "texture": "#0"}
			}
		},
		{
			"name": "deco b 2 2",
			"from": [7.25, -3, 8],
			"to": [8.75, 0, 8],
			"rotation": {
				"angle": 45,
				"axis": "y",
				"origin": [8, -1.5, 8]
			},
			"faces": {
				"north": {
					"uv": [1.5, 2, 3, 5],
					"texture": "#0",
					"rotation": 180
				},
				"east": {
					"uv": [1.5, 2, 3, 5],
					"texture": "#0",
					"rotation": 180
				},
				"south": {
					"uv": [1.5, 2, 3, 5],
					"texture": "#0",
					"rotation": 180
				},
				"west": {
					"uv": [1.5, 2, 3, 5],
					"texture": "#0",
					"rotation": 180
				},
				"up": {
					"uv": [1.5, 2, 3, 5],
					"texture": "#0",
					"rotation": 270
				},
				"down": {
					"uv": [1.5, 2, 3, 5],
					"texture": "#0",
					"rotation": 90
				}
			}
		},
		{
			"name": "deco b 1 1",
			"from": [7.25, -3, 2.5],
			"to": [8.75, 0, 2.5],
			"rotation": {
				"angle": 45,
				"axis": "y",
				"origin": [8, -1.5, 2.5]
			},
			"faces": {
				"north": {
					"uv": [1.5, 2, 3, 5],
					"texture": "#0",
					"rotation": 180
				},
				"east": {
					"uv": [1.5, 2, 3, 5],
					"texture": "#0",
					"rotation": 180
				},
				"south": {
					"uv": [1.5, 2, 3, 5],
					"texture": "#0",
					"rotation": 180
				},
				"west": {
					"uv": [1.5, 2, 3, 5],
					"texture": "#0",
					"rotation": 180
				},
				"up": {
					"uv": [1.5, 2, 3, 5],
					"texture": "#0",
					"rotation": 270
				},
				"down": {
					"uv": [1.5, 2, 3, 5],
					"texture": "#0",
					"rotation": 90
				}
			}
		},
		{
			"name": "deco b 2",
			"from": [8, -3, 7.25],
			"to": [8, 0, 8.75],
			"rotation": {
				"angle": 45,
				"axis": "y",
				"origin": [8, -1.5, 8]
			},
			"faces": {
				"north": {
					"uv": [1.5, 2, 3, 5],
					"texture": "#0",
					"rotation": 180
				},
				"east": {
					"uv": [1.5, 2, 3, 5],
					"texture": "#0",
					"rotation": 180
				},
				"south": {
					"uv": [1.5, 2, 3, 5],
					"texture": "#0",
					"rotation": 180
				},
				"west": {
					"uv": [1.5, 2, 3, 5],
					"texture": "#0",
					"rotation": 180
				},
				"up": {"uv": [1.5, 2, 3, 5], "texture": "#0"},
				"down": {"uv": [1.5, 2, 3, 5], "texture": "#0"}
			}
		},
		{
			"name": "deco b 1",
			"from": [8, -3, 1.75],
			"to": [8, 0, 3.25],
			"rotation": {
				"angle": 45,
				"axis": "y",
				"origin": [8, -1.5, 2.5]
			},
			"faces": {
				"north": {
					"uv": [1.5, 2, 3, 5],
					"texture": "#0",
					"rotation": 180
				},
				"east": {
					"uv": [1.5, 2, 3, 5],
					"texture": "#0",
					"rotation": 180
				},
				"south": {
					"uv": [1.5, 2, 3, 5],
					"texture": "#0",
					"rotation": 180
				},
				"west": {
					"uv": [1.5, 2, 3, 5],
					"texture": "#0",
					"rotation": 180
				},
				"up": {"uv": [1.5, 2, 3, 5], "texture": "#0"},
				"down": {"uv": [1.5, 2, 3, 5], "texture": "#0"}
			}
		}
	]
}