{
    "textures": {
        "particle": "block/iron_trapdoor",
      "texture": "block/iron_trapdoor",
        "2": "gaf/block/building/trapdoor_side_2"
    },
    "elements": [
        {   "from": [ 0, 0, 14 ],
            "to": [ 16, 16, 16 ],
            "faces": {
                "down":  { "uv": [  0,  8, 16, 10 ], "texture": "#2", "cullface": "down" },
                "up":    { "uv": [  0,  10, 16, 8 ], "texture": "#2", "cullface": "up" },
                "north": { "uv": [  0, 16, 16, 0 ], "texture": "#texture" },
                "south": { "uv": [  0, 16, 16, 0 ], "texture": "#texture", "cullface": "south" },
                "west":  { "uv": [  0,  10, 16, 12 ], "rotation": 90, "texture": "#2", "cullface": "west" },
                "east":  { "uv": [  0,  12, 16, 10 ], "rotation": 90, "texture": "#2", "cullface": "east" }
            }
        }
    ]
}
