{   "parent": "block/thin_block",
    "textures": {
         "particle": "block/jungle_trapdoor",
      "texture": "block/jungle_trapdoor",
        "2": "extrablocks/trapdoor_side"
    },
    "elements": [
        {   "from": [ 0, 0, 0 ],
            "to": [ 16, 2, 16 ],
            "faces": {
                "down":  { "uv": [ 0,  0, 16, 16 ], "texture": "#texture", "cullface": "down" },
                "up":    { "uv": [ 0,  16, 16, 0 ], "texture": "#texture" },
                "north": { "uv": [ 0, 12, 16, 14 ], "texture": "#2", "cullface": "north" },
                "south": { "uv": [ 0, 12, 16, 14 ], "texture": "#2", "cullface": "south" },
                "west":  { "uv": [ 0, 14, 16, 16 ], "texture": "#2", "cullface": "west" },
                "east":  { "uv": [ 16, 14, 0, 16 ], "texture": "#2", "cullface": "east" }
            }
        }
    ]
}
