{
	"credit": "Made with Blockbench",
	"ambientocclusion": false,
	"textures": {
		"2": "gaf/block/building/redstone/lever_base",
		"particle": "block/cobblestone",
		"lever": "block/lever"
	},
	"elements": [
		{
			"from": [5, 0, 4],
			"to": [11, 3, 12],
			"faces": {
				"north": {"uv": [6, 3, 12, 6], "texture": "#2"},
				"east": {"uv": [6, 0, 14, 3], "texture": "#2"},
				"south": {"uv": [6, 3, 12, 6], "texture": "#2"},
				"west": {"uv": [6, 0, 14, 3], "texture": "#2"},
				"up": {"uv": [0, 8, 6, 16], "texture": "#2"},
				"down": {"uv": [6, 8, 12, 16], "texture": "#2", "cullface": "down"}
			}
		},
		{
			"from": [7, 9, 6.75],
			"to": [9, 11, 8.75],
			"rotation": {"angle": 45, "axis": "x", "origin": [8, 1, 8]},
			"faces": {
				"north": {"uv": [7, 6, 9, 8], "texture": "#lever"},
				"east": {"uv": [7, 6, 9, 8], "texture": "#lever"},
				"south": {"uv": [7, 6, 9, 8], "texture": "#lever"},
				"west": {"uv": [7, 6, 9, 8], "texture": "#lever"},
				"up": {"uv": [6, 6, 8, 8], "texture": "#2"},
				"down": {"uv": [8, 6, 10, 8], "texture": "#2"}
			}
		},
		{
			"from": [7, 8, 6.75],
			"to": [9, 8.5, 8.75],
			"rotation": {"angle": 45, "axis": "x", "origin": [8, 1, 8]},
			"faces": {
				"north": {"uv": [7, 8.5, 9, 9], "texture": "#lever"},
				"east": {"uv": [7, 8.5, 9, 9], "texture": "#lever"},
				"south": {"uv": [7, 8.5, 9, 9], "texture": "#lever"},
				"west": {"uv": [7, 8.5, 9, 9], "texture": "#lever"},
				"up": {"uv": [6, 6, 8, 8], "texture": "#2"},
				"down": {"uv": [8, 6, 10, 8], "texture": "#2"}
			}
		},
		{
			"from": [7.25, 1, 7],
			"to": [8.75, 9, 8.5],
			"rotation": {"angle": 45, "axis": "x", "origin": [8, 1, 8]},
			"faces": {
				"north": {"uv": [7.25, 8, 8.75, 16], "texture": "#lever"},
				"east": {"uv": [7.25, 8, 8.75, 16], "texture": "#lever"},
				"south": {"uv": [7.25, 8, 8.75, 16], "texture": "#lever"},
				"west": {"uv": [7.25, 8, 8.75, 16], "texture": "#lever"},
				"up": {"uv": [7, 8, 8.5, 16], "texture": "#lever"},
				"down": {"uv": [7, 8, 8.5, 16], "texture": "#lever"}
			}
		}
	]
}