{
    "parent": "item/generated",
    "textures": {
        "layer0": "item/bow"
    },
    "display": {
        "thirdperson_righthand": {
            "rotation": [ -80, 260, -40 ],
            "translation": [ -1, -2, 2.5 ],
            "scale": [ 0.9, 0.9, 0.9 ]
        },
        "thirdperson_lefthand": {
            "rotation": [ -80, -280, 40 ],
            "translation": [ -1, -2, 2.5 ],
            "scale": [ 0.9, 0.9, 0.9 ]
        },
        "firstperson_righthand": {
            "rotation": [ 0, -90, 25 ],
            "translation": [ 1.13, 3.2, 1.13],
            "scale": [ 0.68, 0.68, 0.68 ]
        },
        "firstperson_lefthand": {
            "rotation": [ 0, 90, -25 ],
            "translation": [ 1.13, 3.2, 1.13],
            "scale": [ 0.68, 0.68, 0.68 ]
        }
    },
    "overrides": [
	{
      "predicate": {
        "pulling": 0
      ,"custom_model_data": 1
      },
      "model": "item/bow"
    },
    {
      "predicate": {
        "pulling": 1,
        "custom_model_data": 1
      },
      "model": "item/bow_pulling_0"
    },
    {
      "predicate": {
        "pulling": 1,
        "pull": 0.65,
        "custom_model_data": 1
      },
      "model": "item/bow_pulling_1"
    },
    {
      "predicate": {
        "pulling": 1,
        "pull": 0.9,
        "custom_model_data": 1
      },
      "model": "item/bow_pulling_2"
    },
    {
      "predicate": {
        "pulling": 0,
        "custom_model_data": 1
      },
      "model": "item/bow/astral_bow"
    },
    {
      "predicate": {
        "pulling": 1,
        "custom_model_data": 1
      },
      "model": "item/bow/astral_bow_0"
    },
    {
      "predicate": {
        "pulling": 1,
        "pull": 0.65,
        "custom_model_data": 1
      },
      "model": "item/bow/astral_bow_1"
    },
    {
      "predicate": {
        "pulling": 1,
        "pull": 0.9,
        "custom_model_data": 1
      },
      "model": "item/bow/astral_bow_2"
    },
    {
      "predicate": {
        "pulling": 0,
        "custom_model_data": 2
      },
      "model": "item/bow/black_long_bow"
    },
    {
      "predicate": {
        "pulling": 1,
        "custom_model_data": 2
      },
      "model": "item/bow/black_long_bow_0"
    },
    {
      "predicate": {
        "pulling": 1,
        "pull": 0.65,
        "custom_model_data": 2
      },
      "model": "item/bow/black_long_bow_1"
    },
    {
      "predicate": {
        "pulling": 1,
        "pull": 0.9,
        "custom_model_data": 2
      },
      "model": "item/bow/black_long_bow_2"
    },
    {
      "predicate": {
        "pulling": 0,
        "custom_model_data": 3
      },
      "model": "item/bow/black_bow"
    },
    {
      "predicate": {
        "pulling": 1,
        "custom_model_data": 3
      },
      "model": "item/bow/black_bow_0"
    },
    {
      "predicate": {
        "pulling": 1,
        "pull": 0.65,
        "custom_model_data": 3
      },
      "model": "item/bow/black_bow_1"
    },
    {
      "predicate": {
        "pulling": 1,
        "pull": 0.9,
        "custom_model_data": 3
      },
      "model": "item/bow/black_bow_2"
    },
    {
      "predicate": {
        "pulling": 0,
        "custom_model_data": 4
      },
      "model": "item/bow/red_bow"
    },
    {
      "predicate": {
        "pulling": 1,
        "custom_model_data": 4
      },
      "model": "item/bow/red_bow_0"
    },
    {
      "predicate": {
        "pulling": 1,
        "pull": 0.65,
        "custom_model_data": 4
      },
      "model": "item/bow/red_bow_1"
    },
    {
      "predicate": {
        "pulling": 1,
        "pull": 0.9,
        "custom_model_data": 4
      },
      "model": "item/bow/red_bow_2"
    },
    {
      "predicate": {
        "pulling": 0,
        "custom_model_data": 5
      },
      "model": "item/bow/green_bow"
    },
    {
      "predicate": {
        "pulling": 1,
        "custom_model_data": 5
      },
      "model": "item/bow/green_bow_0"
    },
    {
      "predicate": {
        "pulling": 1,
        "pull": 0.65,
        "custom_model_data": 5
      },
      "model": "item/bow/green_bow_1"
    },
    {
      "predicate": {
        "pulling": 1,
        "pull": 0.9,
        "custom_model_data": 5
      },
      "model": "item/bow/green_bow_2"
    },
    {
      "predicate": {
        "pulling": 0,
        "custom_model_data": 6
      },
      "model": "item/bow/blue_bow"
    },
    {
      "predicate": {
        "pulling": 1,
        "custom_model_data": 6
      },
      "model": "item/bow/blue_bow_0"
    },
    {
      "predicate": {
        "pulling": 1,
        "pull": 0.65,
        "custom_model_data": 6
      },
      "model": "item/bow/blue_bow_1"
    },
    {
      "predicate": {
        "pulling": 1,
        "pull": 0.9,
        "custom_model_data": 6
      },
      "model": "item/bow/blue_bow_2"
    },
    {
      "predicate": {
        "pulling": 0,
        "custom_model_data": 7
      },
      "model": "item/bow/purple_bow"
    },
    {
      "predicate": {
        "pulling": 1,
        "custom_model_data": 7
      },
      "model": "item/bow/purple_bow_0"
    },
    {
      "predicate": {
        "pulling": 1,
        "pull": 0.65,
        "custom_model_data": 7
      },
      "model": "item/bow/purple_bow_1"
    },
    {
      "predicate": {
        "pulling": 1,
        "pull": 0.9,
        "custom_model_data": 7
      },
      "model": "item/bow/purple_bow_2"
    },
    {
      "predicate": {
        "pulling": 0,
        "custom_model_data": 8
      },
      "model": "item/bow/cyan_bow"
    },
    {
      "predicate": {
        "pulling": 1,
        "custom_model_data": 8
      },
      "model": "item/bow/cyan_bow_0"
    },
    {
      "predicate": {
        "pulling": 1,
        "pull": 0.65,
        "custom_model_data": 8
      },
      "model": "item/bow/cyan_bow_1"
    },
    {
      "predicate": {
        "pulling": 1,
        "pull": 0.9,
        "custom_model_data": 8
      },
      "model": "item/bow/cyan_bow_2"
    },
        {
            "predicate": {
                "custom_model_data": 101,
                "pulling": 0
            },
            "model": "item/source_models/101"
        },
        {
            "predicate": {
                "custom_model_data": 102,
                "pulling": 1
            },
            "model": "item/source_models/102"
        },
        {
            "predicate": {
                "custom_model_data": 103,
                "pulling": 1,
                "pull": 0.65
            },
            "model": "item/source_models/103"
        },
        {
            "predicate": {
                "custom_model_data": 104,
                "pulling": 1,
                "pull": 0.9
            },
            "model": "item/source_models/104"
        },
        {
          "predicate": {
              "custom_model_data": 105,
              "pulling": 0
          },
          "model": "item/bow/bow_105"
      },
      {
          "predicate": {
              "custom_model_data": 106,
              "pulling": 1
          },
          "model": "item/bow/bow_106_0"
      },
      {
          "predicate": {
              "custom_model_data": 107,
              "pulling": 1,
              "pull": 0.65
          },
          "model": "item/bow/bow_107_1"
      },
      {
          "predicate": {
              "custom_model_data": 108,
              "pulling": 1,
              "pull": 0.9
          },
          "model": "item/bow/bow_108_2"
      }
    ]
}
