{
    "ambientocclusion": false,
    "textures": {
        "particle": "block/grass",
        "grass": "block/grass"
    },
    "elements": [
  {   "from": [ 0, 0, 8 ],
            "to": [ 16, 16, 8 ],
            "rotation": { "origin": [ 8, 8, 8 ], "axis": "y", "angle": 22.5, "rescale": true },
            "shade": false,
            "faces": {
                "north": { "uv": [ 0, 0, 16, 16 ], "texture": "#grass", "tintindex": 0 },
                "south": { "uv": [ 0, 0, 16, 16 ], "texture": "#grass", "tintindex": 0 }
            }
        },
        {   "from": [ 8, 0, 0 ],
            "to": [ 8, 16, 16 ],
            "rotation": { "origin": [ 8, 8, 8 ], "axis": "y", "angle": 22.5, "rescale": true },
            "shade": false,
            "faces": {
                "west": { "uv": [ 0, 0, 16, 16 ], "texture": "#grass", "tintindex": 0 },
                "east": { "uv": [ 0, 0, 16, 16 ], "texture": "#grass", "tintindex": 0 }
            }

        }
    ]
}
