{
	"credit": "Made by MysticalSpire with the Blockbench Tool",
	"ambientocclusion": false,
	"textures": {
		"0": "extrablocks/flora/pot/red_tulip_vase",
		"2": "extrablocks/flora/pot/vase",
		"particle": "extrablocks/flora/pot/vase"
	},
	"elements": [
		{
			"name": "bottom",
			"from": [6.5, 0, 6.5],
			"to": [9.5, 1.25, 9.5],
			"faces": {
				"north": {
					"uv": [0, 0, 0.25, 0.25],
					"texture": "#2"
				},
				"east": {"uv": [0, 0, 0.25, 0.25], "texture": "#2"},
				"south": {
					"uv": [0, 0, 0.25, 0.25],
					"texture": "#2"
				},
				"west": {"uv": [0, 0, 0.25, 0.25], "texture": "#2"},
				"up": {"uv": [6.5, 0.5, 9.5, 3.5], "texture": "#2"},
				"down": {
					"uv": [10.5, 0.5, 13.5, 3.5],
					"texture": "#2"
				}
			}
		},
		{
			"name": "vase 1",
			"from": [6, 0, 6],
			"to": [10, 4.5, 6.5],
			"rotation": {
				"angle": 0,
				"axis": "x",
				"origin": [8, 2.25, 6.25]
			},
			"faces": {
				"north": {"uv": [0, 11, 4, 15.5], "texture": "#2"},
				"east": {"uv": [3.5, 11, 4, 15.5], "texture": "#2"},
				"south": {"uv": [4, 11, 8, 15.5], "texture": "#2"},
				"west": {"uv": [0, 11, 0.5, 15.5], "texture": "#2"},
				"up": {"uv": [4, 11, 8, 11.5], "texture": "#2"},
				"down": {"uv": [10, 3.5, 14, 4], "texture": "#2"}
			}
		},
		{
			"name": "vase 2",
			"from": [6, 0, 9.5],
			"to": [10, 4.5, 10],
			"rotation": {
				"angle": 0,
				"axis": "x",
				"origin": [8, 2.25, 9.75]
			},
			"faces": {
				"north": {"uv": [4, 11, 8, 15.5], "texture": "#2"},
				"east": {"uv": [0, 11, 0.5, 15.5], "texture": "#2"},
				"south": {"uv": [0, 11, 4, 15.5], "texture": "#2"},
				"west": {"uv": [3.5, 11, 4, 15.5], "texture": "#2"},
				"up": {"uv": [4, 11, 8, 11.5], "texture": "#2"},
				"down": {"uv": [10, 0, 14, 0.5], "texture": "#2"}
			}
		},
		{
			"name": "vase 4",
			"from": [9.5, 0, 6.5],
			"to": [10, 4.5, 9.5],
			"rotation": {
				"angle": 0,
				"axis": "x",
				"origin": [11.5, 2.25, 6.75]
			},
			"faces": {
				"north": {
					"uv": [0.5, 11, 3.5, 15.5],
					"texture": "#2"
				},
				"east": {
					"uv": [0.5, 11, 3.5, 15.5],
					"texture": "#2"
				},
				"south": {
					"uv": [0.5, 11, 3.5, 15.5],
					"texture": "#2"
				},
				"west": {
					"uv": [4.5, 11, 7.5, 15.5],
					"texture": "#2"
				},
				"up": {"uv": [7.5, 11, 8, 14], "texture": "#2"},
				"down": {
					"uv": [13.5, 0.5, 14, 3.5],
					"texture": "#2"
				}
			}
		},
		{
			"name": "vase 3",
			"from": [6, 0, 6.5],
			"to": [6.5, 4.5, 9.5],
			"rotation": {
				"angle": 0,
				"axis": "x",
				"origin": [8, 2.25, 6.75]
			},
			"faces": {
				"north": {
					"uv": [0.5, 11, 3.5, 15.5],
					"texture": "#2"
				},
				"east": {
					"uv": [4.5, 11, 7.5, 15.5],
					"texture": "#2"
				},
				"south": {
					"uv": [0.5, 11, 3.5, 15.5],
					"texture": "#2"
				},
				"west": {
					"uv": [0.5, 11, 3.5, 15.5],
					"texture": "#2"
				},
				"up": {"uv": [7.5, 11, 8, 14], "texture": "#2"},
				"down": {
					"uv": [10, 0.5, 10.5, 3.5],
					"texture": "#2"
				}
			}
		},
		{
			"name": "edge 3",
			"from": [6, 8, 10],
			"to": [10, 9, 11],
			"rotation": {
				"angle": 22.5,
				"axis": "x",
				"origin": [8, 8.5, 10.5]
			},
			"faces": {
				"north": {"uv": [1, 0, 5, 1], "texture": "#2"},
				"east": {"uv": [1, 0, 5, 1], "texture": "#2"},
				"south": {"uv": [1, 0, 5, 1], "texture": "#2"},
				"west": {"uv": [1, 0, 5, 1], "texture": "#2"},
				"up": {"uv": [1, 0, 5, 1], "texture": "#2"},
				"down": {"uv": [1, 0, 5, 1], "texture": "#2"}
			}
		},
		{
			"name": "edge 2",
			"from": [10, 8, 6],
			"to": [11, 9, 10],
			"rotation": {
				"angle": -22.5,
				"axis": "z",
				"origin": [10.5, 8.5, 9]
			},
			"faces": {
				"north": {"uv": [0, 1, 1, 5], "texture": "#2"},
				"east": {
					"uv": [0, 1, 1, 5],
					"texture": "#2",
					"rotation": 90
				},
				"south": {"uv": [0, 1, 1, 5], "texture": "#2"},
				"west": {
					"uv": [0, 1, 1, 5],
					"texture": "#2",
					"rotation": 90
				},
				"up": {"uv": [0, 1, 1, 5], "texture": "#2"},
				"down": {"uv": [0, 1, 1, 5], "texture": "#2"}
			}
		},
		{
			"name": "edge 1",
			"from": [5, 8, 6],
			"to": [6, 9, 10],
			"rotation": {
				"angle": 22.5,
				"axis": "z",
				"origin": [5.5, 8.5, 9]
			},
			"faces": {
				"north": {"uv": [0, 1, 1, 5], "texture": "#2"},
				"east": {
					"uv": [0, 1, 1, 5],
					"texture": "#2",
					"rotation": 90
				},
				"south": {"uv": [0, 1, 1, 5], "texture": "#2"},
				"west": {
					"uv": [0, 1, 1, 5],
					"texture": "#2",
					"rotation": 90
				},
				"up": {"uv": [0, 1, 1, 5], "texture": "#2"},
				"down": {"uv": [0, 1, 1, 5], "texture": "#2"}
			}
		},
		{
			"name": "edge 4",
			"from": [6, 8, 5],
			"to": [10, 9, 6],
			"rotation": {
				"angle": -22.5,
				"axis": "x",
				"origin": [8, 8.5, 5.5]
			},
			"faces": {
				"north": {"uv": [1, 5, 5, 6], "texture": "#2"},
				"east": {"uv": [1, 5, 5, 6], "texture": "#2"},
				"south": {"uv": [1, 5, 5, 6], "texture": "#2"},
				"west": {"uv": [1, 5, 5, 6], "texture": "#2"},
				"up": {"uv": [1, 5, 5, 6], "texture": "#2"},
				"down": {"uv": [1, 5, 5, 6], "texture": "#2"}
			}
		},
		{
			"name": "egde dot 3",
			"from": [5, 8, 10],
			"to": [6, 9, 11],
			"faces": {
				"north": {"uv": [0, 0, 1, 1], "texture": "#2"},
				"east": {"uv": [0, 0, 1, 1], "texture": "#2"},
				"south": {"uv": [0, 0, 1, 1], "texture": "#2"},
				"west": {"uv": [0, 0, 1, 1], "texture": "#2"},
				"up": {"uv": [0, 0, 1, 1], "texture": "#2"},
				"down": {"uv": [0, 0, 1, 1], "texture": "#2"}
			}
		},
		{
			"name": "egde dot 1",
			"from": [5, 8, 5],
			"to": [6, 9, 6],
			"faces": {
				"north": {"uv": [0, 0, 1, 1], "texture": "#2"},
				"east": {"uv": [0, 0, 1, 1], "texture": "#2"},
				"south": {"uv": [0, 0, 1, 1], "texture": "#2"},
				"west": {"uv": [0, 0, 1, 1], "texture": "#2"},
				"up": {"uv": [0, 0, 1, 1], "texture": "#2"},
				"down": {"uv": [0, 0, 1, 1], "texture": "#2"}
			}
		},
		{
			"name": "egde dot 2",
			"from": [10, 8, 5],
			"to": [11, 9, 6],
			"faces": {
				"north": {"uv": [0, 0, 1, 1], "texture": "#2"},
				"east": {"uv": [0, 0, 1, 1], "texture": "#2"},
				"south": {"uv": [0, 0, 1, 1], "texture": "#2"},
				"west": {"uv": [0, 0, 1, 1], "texture": "#2"},
				"up": {"uv": [0, 0, 1, 1], "texture": "#2"},
				"down": {"uv": [0, 0, 1, 1], "texture": "#2"}
			}
		},
		{
			"name": "vase up 4",
			"from": [10, 3.25, 6],
			"to": [10.5, 8.25, 10],
			"rotation": {
				"angle": 0,
				"axis": "x",
				"origin": [12.5, 5.75, 6.25]
			},
			"faces": {
				"north": {"uv": [0.5, 6, 4.5, 11], "texture": "#2"},
				"east": {"uv": [0.5, 6, 4.5, 11], "texture": "#2"},
				"south": {"uv": [0.5, 6, 4.5, 11], "texture": "#2"},
				"west": {"uv": [5.5, 6, 9.5, 11], "texture": "#2"},
				"up": {"uv": [0.5, 6, 4.5, 11], "texture": "#2"},
				"down": {"uv": [4, 6.5, 4.5, 10.5], "texture": "#2"}
			}
		},
		{
			"name": "vase up 3",
			"from": [5.5, 3.25, 6],
			"to": [6, 8.25, 10],
			"rotation": {
				"angle": 0,
				"axis": "x",
				"origin": [8, 5.75, 6.25]
			},
			"faces": {
				"north": {"uv": [0.5, 6, 4.5, 11], "texture": "#2"},
				"east": {"uv": [5.5, 6, 9.5, 11], "texture": "#2"},
				"south": {"uv": [0.5, 6, 4.5, 11], "texture": "#2"},
				"west": {"uv": [0.5, 6, 4.5, 11], "texture": "#2"},
				"up": {"uv": [0.5, 6, 4.5, 11], "texture": "#2"},
				"down": {"uv": [4, 6.5, 4.5, 10.5], "texture": "#2"}
			}
		},
		{
			"name": "vase up 2",
			"from": [5.5, 3.25, 10],
			"to": [10.5, 8.25, 10.5],
			"rotation": {
				"angle": 0,
				"axis": "x",
				"origin": [8, 5.75, 10.25]
			},
			"faces": {
				"north": {"uv": [5, 6, 10, 11], "texture": "#2"},
				"east": {"uv": [0, 6, 0.5, 11], "texture": "#2"},
				"south": {"uv": [0, 6, 5, 11], "texture": "#2"},
				"west": {"uv": [4.5, 6, 5, 11], "texture": "#2"},
				"up": {"uv": [0, 6, 5, 6.5], "texture": "#2"},
				"down": {"uv": [0, 6, 5, 6.5], "texture": "#2"}
			}
		},
		{
			"name": "vase up 1",
			"from": [5.5, 3.25, 5.5],
			"to": [10.5, 8.25, 6],
			"rotation": {
				"angle": 0,
				"axis": "x",
				"origin": [8, 5.75, 5.75]
			},
			"faces": {
				"north": {"uv": [0, 6, 5, 11], "texture": "#2"},
				"east": {"uv": [4.5, 6, 5, 11], "texture": "#2"},
				"south": {"uv": [5, 6, 10, 11], "texture": "#2"},
				"west": {"uv": [0, 6, 0.5, 11], "texture": "#2"},
				"up": {"uv": [0, 6, 5, 6.5], "texture": "#2"},
				"down": {"uv": [0, 6, 5, 6.5], "texture": "#2"}
			}
		},
		{
			"name": "egde dot 4",
			"from": [10, 8, 10],
			"to": [11, 9, 11],
			"faces": {
				"north": {"uv": [0, 0, 1, 1], "texture": "#2"},
				"east": {"uv": [0, 0, 1, 1], "texture": "#2"},
				"south": {"uv": [0, 0, 1, 1], "texture": "#2"},
				"west": {"uv": [0, 0, 1, 1], "texture": "#2"},
				"up": {"uv": [0, 0, 1, 1], "texture": "#2"},
				"down": {"uv": [0, 0, 1, 1], "texture": "#2"}
			}
		},
		{
			"name": "flower 4",
			"from": [8, 1.5, 2],
			"to": [8, 17.5, 14],
			"rotation": {
				"angle": -45,
				"axis": "y",
				"origin": [8, 7.5, 8]
			},
			"faces": {
				"north": {"uv": [2, 0, 14, 12], "texture": "#0"},
				"east": {"uv": [14, 0, 2, 16], "texture": "#0"},
				"south": {"uv": [2, 0, 14, 12], "texture": "#0"},
				"west": {"uv": [2, 0, 14, 16], "texture": "#0"},
				"up": {"uv": [2, 0, 14, 16], "texture": "#0"},
				"down": {"uv": [2, 0, 14, 12], "texture": "#0"}
			}
		},
		{
			"name": "flower 1",
			"from": [8, 1.75, 2],
			"to": [8, 17.75, 14],
			"faces": {
				"north": {"uv": [2, 0, 14, 12], "texture": "#0"},
				"east": {"uv": [14, 0, 2, 16], "texture": "#0"},
				"south": {"uv": [2, 0, 14, 12], "texture": "#0"},
				"west": {"uv": [2, 0, 14, 16], "texture": "#0"},
				"up": {"uv": [2, 0, 14, 16], "texture": "#0"},
				"down": {"uv": [2, 0, 14, 12], "texture": "#0"}
			}
		},
		{
			"name": "flower 3",
			"from": [2, 1.5, 8],
			"to": [14, 17.5, 8],
			"rotation": {
				"angle": -45,
				"axis": "y",
				"origin": [8, 7.5, 8]
			},
			"faces": {
				"north": {"uv": [14, 0, 2, 16], "texture": "#0"},
				"east": {"uv": [2, 0, 14, 12], "texture": "#0"},
				"south": {"uv": [2, 0, 14, 16], "texture": "#0"},
				"west": {"uv": [2, 0, 14, 12], "texture": "#0"},
				"up": {
					"uv": [2, 0, 14, 16],
					"texture": "#0",
					"rotation": 270
				},
				"down": {
					"uv": [2, 0, 14, 12],
					"texture": "#0",
					"rotation": 90
				}
			}
		},
		{
			"name": "flower 2",
			"from": [2, 1.75, 8],
			"to": [14, 17.75, 8],
			"rotation": {
				"angle": 0,
				"axis": "y",
				"origin": [8, 7.75, 8]
			},
			"faces": {
				"north": {"uv": [14, 0, 2, 16], "texture": "#0"},
				"east": {"uv": [2, 0, 14, 12], "texture": "#0"},
				"south": {"uv": [2, 0, 14, 16], "texture": "#0"},
				"west": {"uv": [2, 0, 14, 12], "texture": "#0"},
				"up": {
					"uv": [2, 0, 14, 16],
					"texture": "#0",
					"rotation": 270
				},
				"down": {
					"uv": [2, 0, 14, 12],
					"texture": "#0",
					"rotation": 90
				}
			}
		}
	],
	"groups": [
		{
			"name": "vase",
			"isOpen": true,
			"shade": true,
			"display": {"visibility": true, "autouv": false},
			"children": [
				0,
				1,
				2,
				3,
				4,
				5,
				6,
				7,
				8,
				9,
				10,
				11,
				12,
				13,
				14,
				15,
				16
			]
		},
		{
			"name": "flower",
			"isOpen": true,
			"shade": true,
			"display": {"visibility": true, "autouv": false},
			"children": [17, 18, 19, 20]
		}
	]
}