{
	"credit": "Made with Blockbench",
	"textures": {
		"0": "extrablocks/brewing_stand_base",
		"1": "extrablocks/brewing_stand_liquid",
		"2": "extrablocks/brewing_stand_blaze_rod",
		"particle": "extrablocks/brewing_stand_base"
	},
	"elements": [
		{
			"name": "rod_top_0",
			"from": [6.5, 10.5, 6.5],
			"to": [9.5, 14, 9.5],
			"faces": {
				"north": {"uv": [2, 1, 14, 15], "texture": "#1"},
				"east": {"uv": [2, 1, 14, 15], "texture": "#1"},
				"south": {"uv": [2, 1, 14, 15], "texture": "#1"},
				"west": {"uv": [2, 1, 14, 15], "texture": "#1"},
				"up": {"uv": [2, 1, 14, 15], "texture": "#1"},
				"down": {"uv": [2, 1, 14, 15], "texture": "#1"}
			}
		},
		{
			"name": "hinge_2",
			"from": [8.75, 14.5, 6.25],
			"to": [9, 15, 7],
			"rotation": {
				"angle": 0,
				"axis": "y",
				"origin": [10.75, 14.75, 8.25]
			},
			"faces": {
				"north": {
					"uv": [6, 4, 6.125, 4.25],
					"texture": "#0"
				},
				"east": {
					"uv": [6, 4, 6.375, 4.25],
					"texture": "#0"
				},
				"south": {
					"uv": [6, 4, 6.125, 4.25],
					"texture": "#0"
				},
				"west": {
					"uv": [6, 4, 6.375, 4.25],
					"texture": "#0"
				},
				"up": {"uv": [6, 1, 6.125, 1.375], "texture": "#0"},
				"down": {"uv": [0, 7, 2, 9], "texture": "#0"}
			}
		},
		{
			"name": "hinge_1",
			"from": [7, 14.5, 6.25],
			"to": [7.25, 15, 7],
			"rotation": {
				"angle": 0,
				"axis": "y",
				"origin": [9, 14.75, 8.25]
			},
			"faces": {
				"north": {
					"uv": [6, 4, 6.125, 4.0625],
					"texture": "#0"
				},
				"east": {
					"uv": [6, 4, 6.375, 4.25],
					"texture": "#0"
				},
				"south": {
					"uv": [6, 4, 6.125, 4.25],
					"texture": "#0"
				},
				"west": {
					"uv": [6, 4, 6.375, 4.25],
					"texture": "#0"
				},
				"up": {"uv": [6, 1, 6.125, 1.375], "texture": "#0"},
				"down": {
					"uv": [0, 7, 0.03125, 7.09375],
					"texture": "#0"
				}
			}
		},
		{
			"name": "handle_3",
			"from": [7, 16.25, 7.824999999999999],
			"to": [9, 16.5, 8.075],
			"rotation": {
				"angle": -45,
				"axis": "x",
				"origin": [9, 16.5, 9.825]
			},
			"faces": {
				"north": {
					"uv": [6.75, 1, 7.75, 1.125],
					"texture": "#0",
					"rotation": 180
				},
				"east": {
					"uv": [7, 1, 7.125, 1.125],
					"texture": "#0"
				},
				"south": {
					"uv": [6.75, 1, 7.75, 1.125],
					"texture": "#0",
					"rotation": 180
				},
				"west": {
					"uv": [7, 1, 7.125, 1.125],
					"texture": "#0"
				},
				"up": {
					"uv": [6.75, 1, 7.75, 1.125],
					"texture": "#0",
					"rotation": 180
				},
				"down": {
					"uv": [6.75, 1, 7.75, 1.125],
					"texture": "#0",
					"rotation": 180
				}
			}
		},
		{
			"name": "handle_2",
			"from": [8.5, 14.75, 8.5],
			"to": [8.75, 15, 8.75],
			"rotation": {
				"angle": 0,
				"axis": "y",
				"origin": [10.5, 15, 10.5]
			},
			"faces": {
				"north": {
					"uv": [5, 5, 5.125, 5.125],
					"texture": "#0"
				},
				"east": {
					"uv": [5, 5, 5.125, 5.125],
					"texture": "#0"
				},
				"south": {
					"uv": [5, 5, 5.125, 5.125],
					"texture": "#0"
				},
				"west": {
					"uv": [5, 5, 5.125, 5.125],
					"texture": "#0"
				},
				"up": {"uv": [5, 5, 5.125, 5.125], "texture": "#0"},
				"down": {
					"uv": [5, 5, 5.125, 5.125],
					"texture": "#0"
				}
			}
		},
		{
			"name": "handle_1",
			"from": [7.25, 14.75, 8.5],
			"to": [7.5, 15, 8.75],
			"rotation": {
				"angle": 0,
				"axis": "y",
				"origin": [9.25, 15, 10.5]
			},
			"faces": {
				"north": {
					"uv": [5, 5, 5.125, 5.125],
					"texture": "#0"
				},
				"east": {
					"uv": [5, 5, 5.125, 5.125],
					"texture": "#0"
				},
				"south": {
					"uv": [5, 5, 5.125, 5.125],
					"texture": "#0"
				},
				"west": {
					"uv": [5, 5, 5.125, 5.125],
					"texture": "#0"
				},
				"up": {"uv": [5, 5, 5.125, 5.125], "texture": "#0"},
				"down": {
					"uv": [5, 5, 5.125, 5.125],
					"texture": "#0"
				}
			}
		},
		{
			"name": "lid_1",
			"from": [6.5, 14.5, 6.5],
			"to": [9.5, 14.75, 9.5],
			"rotation": {
				"angle": 0,
				"axis": "y",
				"origin": [8.5, 14.75, 8.5]
			},
			"faces": {
				"north": {
					"uv": [6.5, 1.5, 8, 1.625],
					"texture": "#0"
				},
				"east": {
					"uv": [6.5, 1.5, 8, 1.625],
					"texture": "#0"
				},
				"south": {
					"uv": [6.5, 1.5, 8, 1.625],
					"texture": "#0"
				},
				"west": {
					"uv": [6.5, 1.5, 8, 1.625],
					"texture": "#0"
				},
				"up": {
					"uv": [6.5, 0, 8, 1.5],
					"texture": "#0",
					"rotation": 90
				},
				"down": {"uv": [6.5, 0, 8, 1.5], "texture": "#0"}
			}
		},
		{
			"name": "rod_top_2",
			"from": [6, 14, 6],
			"to": [10, 14.5, 10],
			"rotation": {
				"angle": 0,
				"axis": "y",
				"origin": [8, 14.25, 8]
			},
			"faces": {
				"north": {"uv": [0, 9, 2, 9.25], "texture": "#0"},
				"east": {"uv": [0, 9, 2, 9.25], "texture": "#0"},
				"south": {"uv": [0, 9, 2, 9.25], "texture": "#0"},
				"west": {"uv": [0, 9, 2, 9.25], "texture": "#0"},
				"up": {"uv": [0, 7, 2, 9], "texture": "#0"},
				"down": {"uv": [0, 7, 2, 9], "texture": "#0"}
			}
		},
		{
			"name": "rod_top_1",
			"from": [6, 10, 6],
			"to": [10, 10.5, 10],
			"faces": {
				"north": {"uv": [0, 9, 2, 9.25], "texture": "#0"},
				"east": {"uv": [0, 9, 2, 9.25], "texture": "#0"},
				"south": {"uv": [0, 9, 2, 9.25], "texture": "#0"},
				"west": {"uv": [0, 9, 2, 9.25], "texture": "#0"},
				"up": {"uv": [0, 7, 2, 9], "texture": "#0"},
				"down": {"uv": [0, 7, 2, 9], "texture": "#0"}
			}
		},
		{
			"name": "rod",
			"from": [7, 1, 7],
			"to": [9, 10, 9],
			"faces": {
				"north": {"uv": [0, 0, 2, 9], "texture": "#2"},
				"east": {"uv": [0, 0, 2, 9], "texture": "#2"},
				"south": {"uv": [0, 0, 2, 9], "texture": "#2"},
				"west": {"uv": [0, 0, 2, 9], "texture": "#2"},
				"up": {"uv": [0, 0, 2, 9], "texture": "#2"},
				"down": {"uv": [0, 0, 2, 9], "texture": "#2"}
			}
		},
		{
			"name": "plate",
			"from": [2, 0, 2],
			"to": [14, 1, 14],
			"rotation": {
				"angle": 0,
				"axis": "y",
				"origin": [5, 1, 5]
			},
			"faces": {
				"north": {"uv": [2, 15, 14, 16], "texture": "#0"},
				"east": {"uv": [0, 0, 6, 1], "texture": "#0"},
				"south": {"uv": [2, 15, 14, 16], "texture": "#0"},
				"west": {"uv": [2, 15, 14, 16], "texture": "#0"},
				"up": {"uv": [0, 0, 6, 6], "texture": "#0"},
				"down": {"uv": [0, 0, 6, 6], "texture": "#0"}
			}
		},
		{
			"name": "edge 2",
			"from": [2, 0, 14],
			"to": [14, 1.5, 14.5],
			"rotation": {
				"angle": 0,
				"axis": "x",
				"origin": [8, 0.75, 14.25]
			},
			"faces": {
				"north": {
					"uv": [0.25, 6.25, 6.25, 7],
					"texture": "#0"
				},
				"east": {
					"uv": [0.25, 6.25, 6.25, 7],
					"texture": "#0"
				},
				"south": {
					"uv": [0.25, 6.25, 6.25, 7],
					"texture": "#0"
				},
				"west": {
					"uv": [0.25, 6.25, 6.25, 7],
					"texture": "#0"
				},
				"up": {
					"uv": [0.25, 6, 6.25, 6.25],
					"texture": "#0",
					"rotation": 180
				},
				"down": {
					"uv": [0.25, 6, 6.25, 6.25],
					"texture": "#0"
				}
			}
		},
		{
			"name": "edge 1",
			"from": [2, 0, 1.5],
			"to": [14, 1.5, 2],
			"rotation": {
				"angle": 0,
				"axis": "y",
				"origin": [8, 0.75, 1.75]
			},
			"faces": {
				"north": {
					"uv": [0.25, 6.25, 6.25, 7],
					"texture": "#0"
				},
				"east": {
					"uv": [0.25, 6.25, 6.25, 7],
					"texture": "#0"
				},
				"south": {
					"uv": [0.25, 6.25, 6.25, 7],
					"texture": "#0"
				},
				"west": {
					"uv": [0.25, 6.25, 6.25, 7],
					"texture": "#0"
				},
				"up": {
					"uv": [0.25, 6, 6.25, 6.25],
					"texture": "#0"
				},
				"down": {
					"uv": [0.25, 6, 6.25, 6.25],
					"texture": "#0",
					"rotation": 180
				}
			}
		},
		{
			"name": "edge_4",
			"from": [1.5, 0, 1.5],
			"to": [2, 1.5, 14.5],
			"faces": {
				"north": {
					"uv": [6.25, 6.25, 6.5, 7],
					"texture": "#0"
				},
				"east": {"uv": [0, 6.25, 6.5, 7], "texture": "#0"},
				"south": {
					"uv": [0, 6.25, 0.25, 7],
					"texture": "#0"
				},
				"west": {"uv": [0, 6.25, 6.5, 7], "texture": "#0"},
				"up": {
					"uv": [0, 6, 6.5, 6.25],
					"texture": "#0",
					"rotation": 90
				},
				"down": {
					"uv": [0, 6, 6.5, 6.25],
					"texture": "#0",
					"rotation": 90
				}
			}
		},
		{
			"name": "edge_3",
			"from": [14, 0, 1.5],
			"to": [14.5, 1.5, 14.5],
			"faces": {
				"north": {
					"uv": [0, 6.25, 0.25, 7],
					"texture": "#0"
				},
				"east": {"uv": [0, 6.25, 6.5, 7], "texture": "#0"},
				"south": {
					"uv": [6.25, 6.25, 6.5, 7],
					"texture": "#0"
				},
				"west": {"uv": [0, 6.25, 6.5, 7], "texture": "#0"},
				"up": {
					"uv": [0, 6, 6.5, 6.25],
					"texture": "#0",
					"rotation": 270
				},
				"down": {
					"uv": [0, 6, 6.5, 6.25],
					"texture": "#0",
					"rotation": 270
				}
			}
		},
		{
			"name": "case_4",
			"from": [8.5, 1, 8.5],
			"to": [9.5, 10, 9.5],
			"rotation": {
				"angle": -45,
				"axis": "y",
				"origin": [9, 6, 9]
			},
			"faces": {
				"north": {"uv": [6, 0, 6.5, 4.5], "texture": "#0"},
				"east": {"uv": [6, 0, 6.5, 4.5], "texture": "#0"},
				"south": {"uv": [6, 0, 6.5, 4.5], "texture": "#0"},
				"west": {"uv": [6, 0, 6.5, 4.5], "texture": "#0"},
				"up": {"uv": [6, 0, 6.5, 4.5], "texture": "#0"},
				"down": {"uv": [6, 0, 6.5, 4.5], "texture": "#0"}
			}
		},
		{
			"name": "case_3",
			"from": [8.5, 1, 6.5],
			"to": [9.5, 10, 7.5],
			"rotation": {
				"angle": 45,
				"axis": "y",
				"origin": [9, 6, 7]
			},
			"faces": {
				"north": {"uv": [6, 0, 6.5, 4.5], "texture": "#0"},
				"east": {"uv": [6, 0, 6.5, 4.5], "texture": "#0"},
				"south": {"uv": [6, 0, 6.5, 4.5], "texture": "#0"},
				"west": {"uv": [6, 0, 6.5, 4.5], "texture": "#0"},
				"up": {"uv": [6, 0, 6.5, 4.5], "texture": "#0"},
				"down": {"uv": [6, 0, 6.5, 4.5], "texture": "#0"}
			}
		},
		{
			"name": "case_2",
			"from": [6.5, 1, 6.5],
			"to": [7.5, 10, 7.5],
			"rotation": {
				"angle": -45,
				"axis": "y",
				"origin": [7, 6, 7]
			},
			"faces": {
				"north": {"uv": [6, 0, 6.5, 4.5], "texture": "#0"},
				"east": {"uv": [6, 0, 6.5, 4.5], "texture": "#0"},
				"south": {"uv": [6, 0, 6.5, 4.5], "texture": "#0"},
				"west": {"uv": [6, 0, 6.5, 4.5], "texture": "#0"},
				"up": {"uv": [6, 0, 6.5, 4.5], "texture": "#0"},
				"down": {"uv": [6, 0, 6.5, 4.5], "texture": "#0"}
			}
		},
		{
			"name": "case_1",
			"from": [6.5, 1, 8.5],
			"to": [7.5, 10, 9.5],
			"rotation": {
				"angle": 45,
				"axis": "y",
				"origin": [7, 6, 9]
			},
			"faces": {
				"north": {"uv": [6, 0, 6.5, 4.5], "texture": "#0"},
				"east": {"uv": [6, 0, 6.5, 4.5], "texture": "#0"},
				"south": {"uv": [6, 0, 6.5, 4.5], "texture": "#0"},
				"west": {"uv": [6, 0, 6.5, 4.5], "texture": "#0"},
				"up": {"uv": [6, 0, 6.5, 4.5], "texture": "#0"},
				"down": {"uv": [6, 0, 6.5, 4.5], "texture": "#0"}
			}
		},
		{
			"name": "deco_2",
			"from": [8, 1, 2],
			"to": [8, 10, 14],
			"rotation": {
				"angle": -45,
				"axis": "y",
				"origin": [8, 6, 8]
			},
			"faces": {
				"north": {
					"uv": [0, 9.25, 6, 13.75],
					"texture": "#0"
				},
				"east": {
					"uv": [0, 9.25, 6, 13.75],
					"texture": "#0"
				},
				"south": {
					"uv": [0, 9.25, 6, 13.75],
					"texture": "#0"
				},
				"west": {
					"uv": [0, 9.25, 6, 13.75],
					"texture": "#0"
				},
				"up": {"uv": [0, 9.25, 6, 13.75], "texture": "#0"},
				"down": {"uv": [0, 9.25, 6, 13.75], "texture": "#0"}
			}
		},
		{
			"name": "deco_1",
			"from": [8, 1, 2],
			"to": [8, 10, 14],
			"rotation": {
				"angle": 45,
				"axis": "y",
				"origin": [8, 6, 8]
			},
			"faces": {
				"north": {
					"uv": [0, 9.25, 6, 13.75],
					"texture": "#0"
				},
				"east": {
					"uv": [0, 9.25, 6, 13.75],
					"texture": "#0"
				},
				"south": {
					"uv": [0, 9.25, 6, 13.75],
					"texture": "#0"
				},
				"west": {
					"uv": [0, 9.25, 6, 13.75],
					"texture": "#0"
				},
				"up": {"uv": [0, 9.25, 6, 13.75], "texture": "#0"},
				"down": {"uv": [0, 9.25, 6, 13.75], "texture": "#0"}
			}
		},
		{
			"name": "small_case_4",
			"from": [9.25, 10.5, 6.25],
			"to": [9.75, 14, 6.75],
			"faces": {
				"north": {
					"uv": [2, 7.25, 2.25, 9],
					"texture": "#0"
				},
				"east": {"uv": [2, 7.25, 2.25, 9], "texture": "#0"},
				"south": {
					"uv": [2, 7.25, 2.25, 9],
					"texture": "#0"
				},
				"west": {"uv": [2, 7.25, 2.25, 9], "texture": "#0"},
				"up": {"uv": [2, 7.25, 2.25, 9], "texture": "#0"},
				"down": {"uv": [2, 7.25, 2.25, 9], "texture": "#0"}
			}
		},
		{
			"name": "small_case_3",
			"from": [9.25, 10.5, 9.25],
			"to": [9.75, 14, 9.75],
			"faces": {
				"north": {
					"uv": [2, 7.25, 2.25, 9],
					"texture": "#0"
				},
				"east": {"uv": [2, 7.25, 2.25, 9], "texture": "#0"},
				"south": {
					"uv": [2, 7.25, 2.25, 9],
					"texture": "#0"
				},
				"west": {"uv": [2, 7.25, 2.25, 9], "texture": "#0"},
				"up": {"uv": [2, 7.25, 2.25, 9], "texture": "#0"},
				"down": {"uv": [2, 7.25, 2.25, 9], "texture": "#0"}
			}
		},
		{
			"name": "small_case_2",
			"from": [6.25, 10.5, 9.25],
			"to": [6.75, 14, 9.75],
			"faces": {
				"north": {
					"uv": [2, 7.25, 2.25, 9],
					"texture": "#0"
				},
				"east": {"uv": [2, 7.25, 2.25, 9], "texture": "#0"},
				"south": {
					"uv": [2, 7.25, 2.25, 9],
					"texture": "#0"
				},
				"west": {"uv": [2, 7.25, 2.25, 9], "texture": "#0"},
				"up": {"uv": [2, 7.25, 2.25, 9], "texture": "#0"},
				"down": {"uv": [2, 7.25, 2.25, 9], "texture": "#0"}
			}
		},
		{
			"name": "small_case_1",
			"from": [6.25, 10.5, 6.25],
			"to": [6.75, 14, 6.75],
			"faces": {
				"north": {
					"uv": [2, 7.25, 2.25, 9],
					"texture": "#0"
				},
				"east": {"uv": [2, 7.25, 2.25, 9], "texture": "#0"},
				"south": {
					"uv": [2, 7.25, 2.25, 9],
					"texture": "#0"
				},
				"west": {"uv": [2, 7.25, 2.25, 9], "texture": "#0"},
				"up": {"uv": [2, 7.25, 2.25, 9], "texture": "#0"},
				"down": {"uv": [2, 7.25, 2.25, 9], "texture": "#0"}
			}
		}
	],
	"groups": [
		{
			"name": "rod",
			"isOpen": true,
			"shade": true,
			"display": {"visibility": true, "autouv": true},
			"children": [0, 1, 2, 3, 4, 5, 6, 7, 8, 9]
		},
		10,
		11,
		12,
		13,
		14,
		15,
		16,
		17,
		18,
		19,
		20,
		{
			"name": "small_case",
			"isOpen": true,
			"shade": true,
			"display": {"visibility": true, "autouv": true},
			"children": [21, 22, 23, 24]
		}
	]
}