{
    "textures": {
        "particle": "block/birch_trapdoor",
      "texture": "block/birch_trapdoor",
        "2": "extrablocks/trapdoor_side"
    },
    "elements": [
        {   "from": [ 0, 0, 14 ],
            "to": [ 16, 16, 16 ],
            "faces": {
                "down":  { "uv": [  0,  0, 16, 2 ], "texture": "#2", "cullface": "down" },
                "up":    { "uv": [  0,  2, 16, 0 ], "texture": "#2", "cullface": "up" },
                "north": { "uv": [  0, 16, 16, 0 ], "texture": "#texture" },
                "south": { "uv": [  0, 16, 16, 0 ], "texture": "#texture", "cullface": "south" },
                "west":  { "uv": [  0,  2, 16, 4 ], "rotation": 90, "texture": "#2", "cullface": "west" },
                "east":  { "uv": [  0,  4, 16, 2 ], "rotation": 90, "texture": "#2", "cullface": "east" }
            }
        }
    ]
}
