{
	"credit": "Made by MysticalSpire with the Blockbench Tool",
	"ambientocclusion": false,
	"textures": {
		"0": "extrablocks/doors/custom_oak_door_additional",
		"1": "extrablocks/doors/custom_dark_oak_door_lower",
		"2": "extrablocks/doors/custom_dark_oak_door_upper",
		"particle": "extrablocks/doors/custom_dark_oak_door_lower"
	},
	"elements": [
		{
			"name": "plank 1 t",
			"from": [-0.25, 0.25, 0.25],
			"to": [1.75, 16, 2.25],
			"faces": {
				"north": {"uv": [15.5, 16, 14, 0], "texture": "#1"},
				"east": {
					"uv": [13.75, 16, 15.75, 0.25],
					"texture": "#1"
				},
				"south": {"uv": [15.5, 16, 14, 0], "texture": "#1"},
				"west": {
					"uv": [15.75, 16, 13.75, 0.25],
					"texture": "#1"
				},
				"up": {
					"uv": [7, 11.5, 9, 13.5],
					"texture": "#1",
					"rotation": 90
				},
				"down": {
					"uv": [0, 9.75, 2.5, 11.25],
					"texture": "#1",
					"rotation": 270
				}
			}
		},
		{
			"name": "plank 1",
			"from": [0, 0, 0],
			"to": [1.5, 16, 2.5],
			"faces": {
				"north": {"uv": [15.5, 16, 14, 0], "texture": "#1"},
				"east": {"uv": [16, 16, 13.5, 0], "texture": "#1"},
				"south": {"uv": [15.5, 16, 14, 0], "texture": "#1"},
				"west": {"uv": [13.5, 16, 16, 0], "texture": "#1"},
				"up": {
					"uv": [6.75, 11.75, 9.25, 13.25],
					"texture": "#1",
					"rotation": 90
				},
				"down": {
					"uv": [0, 9.75, 2.5, 11.25],
					"texture": "#1",
					"rotation": 270
				}
			}
		},
		{
			"name": "plank 2 t",
			"from": [0, 0, 13.5],
			"to": [1.5, 16, 16],
			"faces": {
				"north": {"uv": [15.5, 16, 14, 0], "texture": "#1"},
				"east": {"uv": [0, 16, 2.5, 0], "texture": "#1"},
				"south": {"uv": [15.5, 16, 14, 0], "texture": "#1"},
				"west": {"uv": [2.5, 16, 0, 0], "texture": "#1"},
				"up": {
					"uv": [6.75, 11.75, 9.25, 13.25],
					"texture": "#1",
					"rotation": 270
				},
				"down": {
					"uv": [0, 10.5, 2.5, 12],
					"texture": "#1",
					"rotation": 90
				}
			}
		},
		{
			"name": "plank 2",
			"from": [-0.25, 0.25, 13.75],
			"to": [1.75, 16, 15.75],
			"faces": {
				"north": {"uv": [15.5, 16, 14, 0], "texture": "#1"},
				"east": {
					"uv": [0.25, 16, 2.25, 0.25],
					"texture": "#1"
				},
				"south": {"uv": [15.5, 16, 14, 0], "texture": "#1"},
				"west": {
					"uv": [2.25, 16, 0.25, 0.25],
					"texture": "#1"
				},
				"up": {
					"uv": [7, 11.5, 9, 13.5],
					"texture": "#1",
					"rotation": 270
				},
				"down": {
					"uv": [0, 10.5, 2.5, 12],
					"texture": "#1",
					"rotation": 90
				}
			}
		},
		{
			"name": "plank 3 t",
			"from": [-0.25, 0.25, 2.75],
			"to": [1.75, 2.25, 13.25],
			"faces": {
				"north": {
					"uv": [0.25, 0.25, 0, 0],
					"texture": "#1",
					"tintindex": 0
				},
				"east": {
					"uv": [13.25, 15.75, 2.75, 13.75],
					"texture": "#1",
					"tintindex": 0
				},
				"south": {
					"uv": [0.25, 0.25, 0, 0],
					"texture": "#1",
					"tintindex": 0
				},
				"west": {
					"uv": [13.25, 15.75, 2.75, 13.75],
					"texture": "#1",
					"tintindex": 0
				},
				"up": {
					"uv": [2.5, 0.5, 13.5, 2],
					"texture": "#1",
					"rotation": 90,
					"tintindex": 0
				},
				"down": {
					"uv": [2.5, 0.5, 13.5, 2],
					"texture": "#1",
					"rotation": 90,
					"tintindex": 0
				}
			}
		},
		{
			"name": "plank 3",
			"from": [0, 0, 2.5],
			"to": [1.5, 2.5, 13.5],
			"faces": {
				"north": {
					"uv": [0.25, 0.25, 0, 0],
					"texture": "#2",
					"tintindex": 0
				},
				"east": {
					"uv": [13.5, 2.5, 2.5, 0],
					"texture": "#2",
					"tintindex": 0
				},
				"south": {
					"uv": [0.25, 0.25, 0, 0],
					"texture": "#2",
					"tintindex": 0
				},
				"west": {
					"uv": [13.5, 2.5, 2.5, 0],
					"texture": "#2",
					"tintindex": 0
				},
				"up": {
					"uv": [2.5, 0.5, 13.5, 2],
					"texture": "#2",
					"rotation": 90,
					"tintindex": 0
				},
				"down": {
					"uv": [2.5, 0.5, 13.5, 2],
					"texture": "#2",
					"rotation": 90,
					"tintindex": 0
				}
			}
		},
		{
			"name": "plank 4 t",
			"from": [-0.25, 13.75, 2.75],
			"to": [1.75, 15.75, 13.25],
			"faces": {
				"north": {
					"uv": [0.25, 0.25, 0, 0],
					"texture": "#2",
					"tintindex": 0
				},
				"east": {
					"uv": [13.25, 2.25, 2.75, 0.25],
					"texture": "#2",
					"tintindex": 0
				},
				"south": {
					"uv": [0.25, 0.25, 0, 0],
					"texture": "#2",
					"tintindex": 0
				},
				"west": {
					"uv": [13.25, 2.25, 2.75, 0.25],
					"texture": "#2",
					"tintindex": 0
				},
				"up": {
					"uv": [2.5, 0.5, 13.5, 2],
					"texture": "#2",
					"rotation": 90,
					"tintindex": 0
				},
				"down": {
					"uv": [2.5, 0.5, 13.5, 2],
					"texture": "#2",
					"rotation": 90,
					"tintindex": 0
				}
			}
		},
		{
			"name": "plank 4",
			"from": [0, 13.5, 2.5],
			"to": [1.5, 16, 13.5],
			"faces": {
				"north": {
					"uv": [0.25, 0.25, 0, 0],
					"texture": "#2",
					"tintindex": 0
				},
				"east": {
					"uv": [13.5, 2.5, 2.5, 0],
					"texture": "#2",
					"tintindex": 0
				},
				"south": {
					"uv": [0.25, 0.25, 0, 0],
					"texture": "#2",
					"tintindex": 0
				},
				"west": {
					"uv": [13.5, 2.5, 2.5, 0],
					"texture": "#2",
					"tintindex": 0
				},
				"up": {
					"uv": [2.5, 0.5, 13.5, 2],
					"texture": "#2",
					"rotation": 90,
					"tintindex": 0
				},
				"down": {
					"uv": [2.5, 0.5, 13.5, 2],
					"texture": "#2",
					"rotation": 90,
					"tintindex": 0
				}
			}
		},
		{
			"name": "cube",
			"from": [-0.5, 3, 15.5],
			"to": [2, 4, 16.5],
			"faces": {
				"north": {
					"uv": [6.25, 0, 3.75, 1],
					"texture": "#0",
					"rotation": 90
				},
				"east": {"uv": [7.25, 0, 6.25, 1], "texture": "#0"},
				"south": {
					"uv": [6.25, 0, 3.75, 1],
					"texture": "#0"
				},
				"west": {
					"uv": [7.25, 0, 6.25, 1],
					"texture": "#0",
					"rotation": 90
				},
				"up": {"uv": [3.75, 1, 6.25, 0], "texture": "#0"},
				"down": {
					"uv": [3.75, 1, 6.25, 0],
					"texture": "#0",
					"rotation": 180
				}
			}
		},
		{
			"name": "mid edge 2",
			"from": [-0.25, 3.75, 3.25],
			"to": [1.75, 12.25, 3.75],
			"faces": {
				"north": {
					"uv": [15.75, 2.75, 13.75, 11.25],
					"texture": "#1"
				},
				"east": {
					"uv": [3.75, 3.75, 3.25, 12.25],
					"texture": "#1"
				},
				"south": {
					"uv": [15.75, 3.25, 13.75, 11.75],
					"texture": "#1"
				},
				"west": {
					"uv": [3.75, 3.75, 3.25, 12.25],
					"texture": "#1"
				},
				"up": {
					"uv": [7, 14.25, 8.5, 4.25],
					"texture": "#1"
				},
				"down": {
					"uv": [7.25, 14.25, 8.75, 4.25],
					"texture": "#1"
				}
			}
		},
		{
			"name": "mid edge 4",
			"from": [-0.25, 12.25, 3.25],
			"to": [1.75, 12.75, 12.75],
			"rotation": {
				"angle": 0,
				"axis": "x",
				"origin": [0.75, 12.5, 7.25]
			},
			"faces": {
				"north": {
					"uv": [8.5, 3, 6.5, 3.5],
					"texture": "#1"
				},
				"east": {
					"uv": [12.75, 3.25, 3.25, 3.75],
					"texture": "#1"
				},
				"south": {
					"uv": [8.25, 15, 6.25, 15.5],
					"texture": "#1",
					"rotation": 180
				},
				"west": {
					"uv": [12.75, 3.25, 3.25, 3.75],
					"texture": "#1"
				},
				"up": {
					"uv": [13.75, 12.25, 15.75, 2.75],
					"texture": "#1",
					"rotation": 180
				},
				"down": {
					"uv": [13.75, 13.25, 15.75, 3.75],
					"texture": "#1"
				}
			}
		},
		{
			"name": "mid edge 3",
			"from": [-0.25, 3.25, 3.25],
			"to": [1.75, 3.75, 12.75],
			"rotation": {
				"angle": 0,
				"axis": "x",
				"origin": [0.75, 3.5, 7.25]
			},
			"faces": {
				"north": {
					"uv": [8.5, 3.5, 6.5, 3],
					"texture": "#1"
				},
				"east": {
					"uv": [12.75, 3.75, 3.25, 3.25],
					"texture": "#1"
				},
				"south": {
					"uv": [8.25, 15.5, 6.25, 15],
					"texture": "#1",
					"rotation": 180
				},
				"west": {
					"uv": [12.75, 3.75, 3.25, 3.25],
					"texture": "#1"
				},
				"up": {
					"uv": [13.75, 3.5, 15.75, 13],
					"texture": "#1"
				},
				"down": {
					"uv": [13.75, 3.5, 15.75, 13],
					"texture": "#1",
					"rotation": 180
				}
			}
		},
		{
			"name": "mid edge 1",
			"from": [-0.25, 3.75, 12.25],
			"to": [1.75, 12.25, 12.75],
			"faces": {
				"north": {
					"uv": [15.75, 3.75, 13.75, 12.25],
					"texture": "#1"
				},
				"east": {
					"uv": [12.75, 3.75, 12.25, 12.25],
					"texture": "#1"
				},
				"south": {
					"uv": [15.75, 3.5, 13.75, 12],
					"texture": "#1"
				},
				"west": {
					"uv": [12.75, 3.75, 12.25, 12.25],
					"texture": "#1"
				},
				"up": {
					"uv": [7, 4.25, 8.5, 14.25],
					"texture": "#1"
				},
				"down": {
					"uv": [7.25, 4.25, 8.75, 14.25],
					"texture": "#1"
				}
			}
		},
		{
			"name": "mid plate 2",
			"from": [0, 3, 3],
			"to": [1.5, 13, 13],
			"faces": {
				"north": {"uv": [15.5, 3, 14, 13], "texture": "#1"},
				"east": {"uv": [13, 3, 3, 13], "texture": "#1"},
				"south": {
					"uv": [15.5, 3.75, 14, 13.75],
					"texture": "#1"
				},
				"west": {"uv": [13, 3, 3, 13], "texture": "#1"},
				"up": {
					"uv": [14, 3.25, 15.5, 13.25],
					"texture": "#1"
				},
				"down": {
					"uv": [14, 12.5, 15.5, 2.5],
					"texture": "#1"
				}
			}
		},
		{
			"name": "mid plate",
			"from": [0.25, 2.5, 2.5],
			"to": [1.25, 13.5, 13.5],
			"faces": {
				"north": {
					"uv": [13.5, 16, 2.5, 2.5],
					"texture": "#1"
				},
				"east": {
					"uv": [13.5, 2.5, 2.5, 13.5],
					"texture": "#1"
				},
				"south": {
					"uv": [13.5, 16, 2.5, 2.5],
					"texture": "#1"
				},
				"west": {
					"uv": [13.5, 2.5, 2.5, 13.5],
					"texture": "#1"
				},
				"up": {
					"uv": [5.25, 3.75, 6.25, 14.75],
					"texture": "#1"
				},
				"down": {
					"uv": [2.5, 2.5, 13.5, 16],
					"texture": "#1"
				}
			}
		}
	],
	"groups": [
		{
			"name": "planks",
			"isOpen": true,
			"shade": true,
			"display": {"visibility": true, "autouv": false},
			"children": [
				0,
				1,
				2,
				3,
				4,
				5,
				6,
				7,
				8,
				9,
				10,
				11,
				12,
				13,
				14
			]
		}
	]
}