{
	"credit": "Made by MysticalSpire with the Blockbench Tool",
	"textures": {
		"2": "extrablocks/fence/custom_dark_oak_fence_side",
		"particle": "extrablocks/fence/custom_dark_oak_fence_side"
	},
	"elements": [
		{
			"name": "rod 1",
			"from": [7, 5, 7],
			"to": [9, 12.25, 9],
			"faces": {
				"north": {
					"uv": [7.5, 2.5, 9.5, 9.75],
					"texture": "#2"
				},
				"east": {
					"uv": [7.5, 2.5, 9.5, 9.75],
					"texture": "#2"
				},
				"south": {
					"uv": [7.5, 2.5, 9.5, 9.75],
					"texture": "#2"
				},
				"west": {
					"uv": [7.5, 2.5, 9.5, 9.75],
					"texture": "#2"
				},
				"up": {
					"uv": [7.5, 2.5, 9.5, 9.75],
					"texture": "#2"
				},
				"down": {
					"uv": [7.5, 2.5, 9.5, 9.75],
					"texture": "#2"
				}
			}
		},
		{
			"name": "cube 3",
			"from": [6.5, 15.25, 6.5],
			"to": [9.5, 16.75, 9.5],
			"faces": {
				"north": {
					"uv": [4.5, 2.5, 7.5, 4],
					"texture": "#2"
				},
				"east": {"uv": [4.5, 2.5, 7.5, 4], "texture": "#2"},
				"south": {
					"uv": [4.5, 2.5, 7.5, 4],
					"texture": "#2"
				},
				"west": {"uv": [4.5, 2.5, 7.5, 4], "texture": "#2"},
				"up": {"uv": [4.5, 2.5, 7.5, 5.5], "texture": "#2"},
				"down": {"uv": [4.5, 2.5, 7.5, 4], "texture": "#2"}
			}
		},
		{
			"name": "cube 2",
			"from": [6, 12, 6],
			"to": [10, 16, 10],
			"faces": {
				"north": {
					"uv": [9.5, 2.5, 13.5, 6.5],
					"texture": "#2"
				},
				"east": {
					"uv": [9.5, 2.5, 13.5, 6.5],
					"texture": "#2"
				},
				"south": {
					"uv": [9.5, 2.5, 13.5, 6.5],
					"texture": "#2"
				},
				"west": {
					"uv": [9.5, 2.5, 13.5, 6.5],
					"texture": "#2"
				},
				"up": {
					"uv": [9.5, 6.5, 13.5, 10.5],
					"texture": "#2"
				},
				"down": {
					"uv": [9.5, 6.5, 13.5, 10.5],
					"texture": "#2"
				}
			}
		},
		{
			"name": "cube 1",
			"from": [6, 0, 6],
			"to": [10, 4, 10],
			"faces": {
				"north": {
					"uv": [9.5, 6.5, 13.5, 10.5],
					"texture": "#2"
				},
				"east": {
					"uv": [9.5, 6.5, 13.5, 10.5],
					"texture": "#2"
				},
				"south": {
					"uv": [9.5, 6.5, 13.5, 10.5],
					"texture": "#2"
				},
				"west": {
					"uv": [9.5, 6.5, 13.5, 10.5],
					"texture": "#2"
				},
				"up": {
					"uv": [9.5, 6.5, 13.5, 10.5],
					"texture": "#2"
				},
				"down": {
					"uv": [9.5, 6.5, 13.5, 10.5],
					"texture": "#2"
				}
			}
		},
		{
			"name": "cube 1 1",
			"from": [6.5, 4, 6.5],
			"to": [9.5, 5, 9.5],
			"faces": {
				"north": {
					"uv": [4.5, 2.5, 7.5, 3.5],
					"texture": "#2"
				},
				"east": {
					"uv": [4.5, 2.5, 7.5, 3.5],
					"texture": "#2"
				},
				"south": {
					"uv": [4.5, 2.5, 7.5, 3.5],
					"texture": "#2"
				},
				"west": {
					"uv": [4.5, 2.5, 7.5, 3.5],
					"texture": "#2"
				},
				"up": {"uv": [4.5, 2.5, 7.5, 5.5], "texture": "#2"},
				"down": {
					"uv": [4.5, 2.5, 7.5, 3.5],
					"texture": "#2"
				}
			}
		}
	]
}