{
	"credit": "Made by MysticalSpire with the Blockbench Tool",
	"ambientocclusion": false,
	"textures": {
		"0": "extrablocks/ladder_new",
		"particle": "extrablocks/ladder_new"
	},
	"elements": [
		{
			"name": "case_0_0",
			"from": [13, 0, 14],
			"to": [14, 16, 16],
			"faces": {
				"north": {"uv": [0, 0, 0.5, 8], "texture": "#0"},
				"east": {"uv": [0, 10, 1, 11], "texture": "#0"},
				"south": {"uv": [0, 0, 0.5, 8], "texture": "#0"},
				"west": {"uv": [0, 9, 1, 10], "texture": "#0"},
				"up": {"uv": [0.75, 8, 1.75, 8.5], "texture": "#0"},
				"down": {
					"uv": [0.75, 8, 1.75, 8.5],
					"texture": "#0"
				}
			}
		},
		{
			"name": "case_0_1",
			"from": [14, 0, 13.5],
			"to": [14.25, 16, 16],
			"faces": {
				"north": {
					"uv": [0.5, 0, 0.625, 8],
					"texture": "#0"
				},
				"east": {"uv": [0.5, 0, 1.75, 8], "texture": "#0"},
				"south": {
					"uv": [1.625, 0, 1.75, 8],
					"texture": "#0"
				},
				"west": {
					"uv": [0.5, 0, 1.75, 8],
					"texture": "#0",
					"rotation": 180
				},
				"up": {
					"uv": [0.5, 8.5, 1.75, 8.625],
					"texture": "#0",
					"rotation": 270
				},
				"down": {
					"uv": [0.5, 8.5, 1.75, 8.625],
					"texture": "#0",
					"rotation": 270
				}
			}
		},
		{
			"name": "case_0_2",
			"from": [12.75, 0, 13.5],
			"to": [13, 16, 16],
			"faces": {
				"north": {
					"uv": [0.5, 0, 0.625, 8],
					"texture": "#0"
				},
				"east": {"uv": [0.5, 0, 1.75, 8], "texture": "#0"},
				"south": {
					"uv": [1.625, 0, 1.75, 8],
					"texture": "#0"
				},
				"west": {"uv": [0.5, 0, 1.75, 8], "texture": "#0"},
				"up": {
					"uv": [0.5, 8.5, 1.75, 8.625],
					"texture": "#0",
					"rotation": 270
				},
				"down": {
					"uv": [0.5, 8.5, 1.75, 8.625],
					"texture": "#0",
					"rotation": 270
				}
			}
		},
		{
			"name": "case_1_0",
			"from": [2, 0, 14],
			"to": [3, 16, 16],
			"faces": {
				"north": {"uv": [0, 0, 0.5, 8], "texture": "#0"},
				"east": {"uv": [0, 10, 1, 11], "texture": "#0"},
				"south": {"uv": [0, 0, 0.5, 8], "texture": "#0"},
				"west": {"uv": [0, 9, 1, 10], "texture": "#0"},
				"up": {"uv": [0.75, 8, 1.75, 8.5], "texture": "#0"},
				"down": {
					"uv": [0.75, 8, 1.75, 8.5],
					"texture": "#0"
				}
			}
		},
		{
			"name": "case_1_1",
			"from": [3, 0, 13.5],
			"to": [3.25, 16, 16],
			"faces": {
				"north": {
					"uv": [0.5, 0, 0.625, 8],
					"texture": "#0"
				},
				"east": {"uv": [0.5, 0, 1.75, 8], "texture": "#0"},
				"south": {
					"uv": [1.625, 0, 1.75, 8],
					"texture": "#0"
				},
				"west": {
					"uv": [0.5, 0, 1.75, 8],
					"texture": "#0",
					"rotation": 180
				},
				"up": {
					"uv": [0.5, 8.5, 1.75, 8.625],
					"texture": "#0",
					"rotation": 270
				},
				"down": {
					"uv": [0.5, 8.5, 1.75, 8.625],
					"texture": "#0",
					"rotation": 270
				}
			}
		},
		{
			"name": "case_1_2",
			"from": [1.75, 0, 13.5],
			"to": [2, 16, 16],
			"faces": {
				"north": {
					"uv": [0.5, 0, 0.625, 8],
					"texture": "#0"
				},
				"east": {"uv": [0.5, 0, 1.75, 8], "texture": "#0"},
				"south": {
					"uv": [1.625, 0, 1.75, 8],
					"texture": "#0"
				},
				"west": {"uv": [0.5, 0, 1.75, 8], "texture": "#0"},
				"up": {
					"uv": [0.5, 8.5, 1.75, 8.625],
					"texture": "#0",
					"rotation": 270
				},
				"down": {
					"uv": [0.5, 8.5, 1.75, 8.625],
					"texture": "#0",
					"rotation": 270
				}
			}
		},
		{
			"name": "end_0_2",
			"from": [13, -0.5, 14.27],
			"to": [14, 0.5, 15.27],
			"rotation": {
				"angle": -22.5,
				"axis": "x",
				"origin": [13.5, 0, 14.77]
			},
			"faces": {
				"north": {
					"uv": [0, 8, 0.5, 8.5],
					"texture": "#0",
					"rotation": 90
				},
				"east": {"uv": [0, 8, 0.5, 8.5], "texture": "#0"},
				"south": {"uv": [0, 8, 0.5, 8.5], "texture": "#0"},
				"west": {"uv": [0, 8, 0.5, 8.5], "texture": "#0"},
				"up": {"uv": [0, 8, 0.5, 8.5], "texture": "#0"},
				"down": {"uv": [0, 8, 0.5, 8.5], "texture": "#0"}
			}
		},
		{
			"name": "end_0_1",
			"from": [12.999, -0.75, 14.5],
			"to": [14.001000000000001, 0, 15.502],
			"rotation": {
				"angle": 0,
				"axis": "x",
				"origin": [13.4995, -0.375, 15.000499999999999]
			},
			"faces": {
				"north": {
					"uv": [0, 8, 0.5, 8.5],
					"texture": "#0",
					"rotation": 90
				},
				"east": {"uv": [0, 8, 0.5, 8.5], "texture": "#0"},
				"south": {
					"uv": [0, 8, 0.5, 8.5],
					"texture": "#0",
					"rotation": 270
				},
				"west": {"uv": [0, 8, 0.5, 8.5], "texture": "#0"},
				"up": {"uv": [0, 8, 0.5, 8.5], "texture": "#0"},
				"down": {
					"uv": [0, 8, 0.5, 8.5],
					"texture": "#0",
					"rotation": 270
				}
			}
		},
		{
			"name": "end_0_0",
			"from": [13, -0.5, 14.73],
			"to": [14, 0.5, 15.73],
			"rotation": {
				"angle": 22.5,
				"axis": "x",
				"origin": [13.5, 0, 15.23]
			},
			"faces": {
				"north": {"uv": [0, 8, 0.5, 8.5], "texture": "#0"},
				"east": {"uv": [0, 8, 0.5, 8.5], "texture": "#0"},
				"south": {
					"uv": [0, 8, 0.5, 8.5],
					"texture": "#0",
					"rotation": 270
				},
				"west": {"uv": [0, 8, 0.5, 8.5], "texture": "#0"},
				"up": {"uv": [0, 8, 0.5, 8.5], "texture": "#0"},
				"down": {"uv": [0, 8, 0.5, 8.5], "texture": "#0"}
			}
		},
		{
			"name": "end_0_2",
			"from": [13, 15.5, 14.27],
			"to": [14, 16.5, 15.27],
			"rotation": {
				"angle": 22.5,
				"axis": "x",
				"origin": [13.5, 16, 14.77]
			},
			"faces": {
				"north": {
					"uv": [0, 8, 0.5, 8.5],
					"texture": "#0",
					"rotation": 90
				},
				"east": {"uv": [0, 8, 0.5, 8.5], "texture": "#0"},
				"south": {"uv": [0, 8, 0.5, 8.5], "texture": "#0"},
				"west": {"uv": [0, 8, 0.5, 8.5], "texture": "#0"},
				"up": {"uv": [0, 8, 0.5, 8.5], "texture": "#0"},
				"down": {"uv": [0, 8, 0.5, 8.5], "texture": "#0"}
			}
		},
		{
			"name": "end_0_1",
			"from": [12.999, 16, 14.5],
			"to": [14.001000000000001, 16.75, 15.502],
			"faces": {
				"north": {
					"uv": [0, 8, 0.5, 8.5],
					"texture": "#0",
					"rotation": 90
				},
				"east": {"uv": [0, 8, 0.5, 8.5], "texture": "#0"},
				"south": {
					"uv": [0, 8, 0.5, 8.5],
					"texture": "#0",
					"rotation": 270
				},
				"west": {"uv": [0, 8, 0.5, 8.5], "texture": "#0"},
				"up": {
					"uv": [0, 8, 0.5, 8.5],
					"texture": "#0",
					"rotation": 270
				},
				"down": {"uv": [0, 8, 0.5, 8.5], "texture": "#0"}
			}
		},
		{
			"name": "end_0_0",
			"from": [13, 15.5, 14.73],
			"to": [14, 16.5, 15.73],
			"rotation": {
				"angle": -22.5,
				"axis": "x",
				"origin": [13.5, 16, 15.23]
			},
			"faces": {
				"north": {"uv": [0, 8, 0.5, 8.5], "texture": "#0"},
				"east": {"uv": [0, 8, 0.5, 8.5], "texture": "#0"},
				"south": {
					"uv": [0, 8, 0.5, 8.5],
					"texture": "#0",
					"rotation": 270
				},
				"west": {"uv": [0, 8, 0.5, 8.5], "texture": "#0"},
				"up": {"uv": [0, 8, 0.5, 8.5], "texture": "#0"},
				"down": {"uv": [0, 8, 0.5, 8.5], "texture": "#0"}
			}
		},
		{
			"name": "end_0_2",
			"from": [2, 15.5, 14.27],
			"to": [3, 16.5, 15.27],
			"rotation": {
				"angle": 22.5,
				"axis": "x",
				"origin": [2.5, 16, 14.77]
			},
			"faces": {
				"north": {
					"uv": [0, 8, 0.5, 8.5],
					"texture": "#0",
					"rotation": 270
				},
				"east": {"uv": [0, 8, 0.5, 8.5], "texture": "#0"},
				"south": {"uv": [0, 8, 0.5, 8.5], "texture": "#0"},
				"west": {"uv": [0, 8, 0.5, 8.5], "texture": "#0"},
				"up": {"uv": [0, 8, 0.5, 8.5], "texture": "#0"},
				"down": {"uv": [0, 8, 0.5, 8.5], "texture": "#0"}
			}
		},
		{
			"name": "end_0_1",
			"from": [1.999, 16, 14.5],
			"to": [3.001, 16.75, 15.502],
			"faces": {
				"north": {
					"uv": [0, 8, 0.5, 8.5],
					"texture": "#0",
					"rotation": 270
				},
				"east": {"uv": [0, 8, 0.5, 8.5], "texture": "#0"},
				"south": {
					"uv": [0, 8, 0.5, 8.5],
					"texture": "#0",
					"rotation": 90
				},
				"west": {"uv": [0, 8, 0.5, 8.5], "texture": "#0"},
				"up": {
					"uv": [0, 8, 0.5, 8.5],
					"texture": "#0",
					"rotation": 90
				},
				"down": {"uv": [0, 8, 0.5, 8.5], "texture": "#0"}
			}
		},
		{
			"name": "end_0_0",
			"from": [2, 15.5, 14.73],
			"to": [3, 16.5, 15.73],
			"rotation": {
				"angle": -22.5,
				"axis": "x",
				"origin": [2.5, 16, 15.23]
			},
			"faces": {
				"north": {"uv": [0, 8, 0.5, 8.5], "texture": "#0"},
				"east": {"uv": [0, 8, 0.5, 8.5], "texture": "#0"},
				"south": {
					"uv": [0, 8, 0.5, 8.5],
					"texture": "#0",
					"rotation": 90
				},
				"west": {"uv": [0, 8, 0.5, 8.5], "texture": "#0"},
				"up": {"uv": [0, 8, 0.5, 8.5], "texture": "#0"},
				"down": {"uv": [0, 8, 0.5, 8.5], "texture": "#0"}
			}
		},
		{
			"name": "end_0_2",
			"from": [2, -0.5, 14.27],
			"to": [3, 0.5, 15.27],
			"rotation": {
				"angle": -22.5,
				"axis": "x",
				"origin": [2.5, 0, 14.77]
			},
			"faces": {
				"north": {
					"uv": [0, 8, 0.5, 8.5],
					"texture": "#0",
					"rotation": 270
				},
				"east": {"uv": [0, 8, 0.5, 8.5], "texture": "#0"},
				"south": {"uv": [0, 8, 0.5, 8.5], "texture": "#0"},
				"west": {"uv": [0, 8, 0.5, 8.5], "texture": "#0"},
				"up": {"uv": [0, 8, 0.5, 8.5], "texture": "#0"},
				"down": {"uv": [0, 8, 0.5, 8.5], "texture": "#0"}
			}
		},
		{
			"name": "end_0_1",
			"from": [1.999, -0.75, 14.5],
			"to": [3.001, 0, 15.502],
			"rotation": {
				"angle": 0,
				"axis": "x",
				"origin": [2.4995, -0.375, 15.000499999999999]
			},
			"faces": {
				"north": {
					"uv": [0, 8, 0.5, 8.5],
					"texture": "#0",
					"rotation": 270
				},
				"east": {"uv": [0, 8, 0.5, 8.5], "texture": "#0"},
				"south": {
					"uv": [0, 8, 0.5, 8.5],
					"texture": "#0",
					"rotation": 90
				},
				"west": {"uv": [0, 8, 0.5, 8.5], "texture": "#0"},
				"up": {"uv": [0, 8, 0.5, 8.5], "texture": "#0"},
				"down": {
					"uv": [0, 8, 0.5, 8.5],
					"texture": "#0",
					"rotation": 90
				}
			}
		},
		{
			"name": "end_0_0",
			"from": [2, -0.5, 14.73],
			"to": [3, 0.5, 15.73],
			"rotation": {
				"angle": 22.5,
				"axis": "x",
				"origin": [2.5, 0, 15.23]
			},
			"faces": {
				"north": {"uv": [0, 8, 0.5, 8.5], "texture": "#0"},
				"east": {"uv": [0, 8, 0.5, 8.5], "texture": "#0"},
				"south": {
					"uv": [0, 8, 0.5, 8.5],
					"texture": "#0",
					"rotation": 90
				},
				"west": {"uv": [0, 8, 0.5, 8.5], "texture": "#0"},
				"up": {"uv": [0, 8, 0.5, 8.5], "texture": "#0"},
				"down": {"uv": [0, 8, 0.5, 8.5], "texture": "#0"}
			}
		},
		{
			"name": "stick_2",
			"from": [1.25, 1.75, 14.25],
			"to": [14.75, 2.75, 15.25],
			"rotation": {
				"angle": -45,
				"axis": "x",
				"origin": [8, 2.25, 14.75]
			},
			"faces": {
				"north": {
					"uv": [1.75, 1.5, 8.5, 2],
					"texture": "#0",
					"rotation": 180
				},
				"east": {
					"uv": [8.5, 1.5, 9, 2],
					"texture": "#0",
					"rotation": 180
				},
				"south": {
					"uv": [1.75, 1.5, 8.5, 2],
					"texture": "#0",
					"rotation": 180
				},
				"west": {
					"uv": [8.5, 1.5, 9, 2],
					"texture": "#0",
					"rotation": 180
				},
				"up": {
					"uv": [1.75, 1.5, 8.5, 2],
					"texture": "#0",
					"rotation": 180
				},
				"down": {
					"uv": [1.75, 1.5, 8.5, 2],
					"texture": "#0",
					"rotation": 180
				}
			}
		},
		{
			"name": "stick_5",
			"from": [1.25, 9.5, 14.25],
			"to": [14.75, 10.5, 15.25],
			"rotation": {
				"angle": -45,
				"axis": "x",
				"origin": [8, 10, 14.75]
			},
			"faces": {
				"north": {
					"uv": [1.75, 0.5, 8.5, 1],
					"texture": "#0",
					"rotation": 180
				},
				"east": {
					"uv": [8.5, 0.5, 9, 1],
					"texture": "#0",
					"rotation": 180
				},
				"south": {
					"uv": [1.75, 0.5, 8.5, 1],
					"texture": "#0",
					"rotation": 180
				},
				"west": {
					"uv": [8.5, 0.5, 9, 1],
					"texture": "#0",
					"rotation": 180
				},
				"up": {
					"uv": [1.75, 0.5, 8.5, 1],
					"texture": "#0",
					"rotation": 180
				},
				"down": {
					"uv": [1.75, 0.5, 8.5, 1],
					"texture": "#0",
					"rotation": 180
				}
			}
		},
		{
			"name": "stick_4",
			"from": [1.25, 13.5, 14.25],
			"to": [14.75, 14.5, 15.25],
			"rotation": {
				"angle": -45,
				"axis": "x",
				"origin": [8, 14, 14.75]
			},
			"faces": {
				"north": {
					"uv": [1.75, 0, 8.5, 0.5],
					"texture": "#0",
					"rotation": 180
				},
				"east": {
					"uv": [8.5, 0, 9, 0.5],
					"texture": "#0",
					"rotation": 180
				},
				"south": {
					"uv": [1.75, 0, 8.5, 0.5],
					"texture": "#0",
					"rotation": 180
				},
				"west": {
					"uv": [8.5, 0, 9, 0.5],
					"texture": "#0",
					"rotation": 180
				},
				"up": {
					"uv": [1.75, 0, 8.5, 0.5],
					"texture": "#0",
					"rotation": 180
				},
				"down": {
					"uv": [1.75, 0, 8.5, 0.5],
					"texture": "#0",
					"rotation": 180
				}
			}
		},
		{
			"name": "stick_3",
			"from": [1.25, 5.5, 14.25],
			"to": [14.75, 6.5, 15.25],
			"rotation": {
				"angle": -45,
				"axis": "x",
				"origin": [8, 6, 14.75]
			},
			"faces": {
				"north": {
					"uv": [1.75, 1, 8.5, 1.5],
					"texture": "#0",
					"rotation": 180
				},
				"east": {
					"uv": [8.5, 1, 9, 1.5],
					"texture": "#0",
					"rotation": 180
				},
				"south": {
					"uv": [1.75, 1, 8.5, 1.5],
					"texture": "#0",
					"rotation": 180
				},
				"west": {
					"uv": [8.5, 1, 9, 1.5],
					"texture": "#0",
					"rotation": 180
				},
				"up": {
					"uv": [1.75, 1, 8.5, 1.5],
					"texture": "#0",
					"rotation": 180
				},
				"down": {
					"uv": [1.75, 1, 8.5, 1.5],
					"texture": "#0",
					"rotation": 180
				}
			}
		},
		{
			"name": "plane",
			"from": [0, 0, 14.75],
			"to": [16, 16, 14.75],
			"faces": {
				"north": {"uv": [8, 8, 16, 16], "texture": "#0"},
				"east": {"uv": [8, 8, 16, 16], "texture": "#0"},
				"south": {"uv": [8, 8, 16, 16], "texture": "#0"},
				"west": {"uv": [8, 8, 16, 16], "texture": "#0"},
				"up": {"uv": [8, 8, 16, 16], "texture": "#0"},
				"down": {"uv": [8, 8, 16, 16], "texture": "#0"}
			}
		}
	],
	"groups": [
		{
			"name": "case",
			"isOpen": false,
			"shade": true,
			"display": {"visibility": true, "autouv": true},
			"children": [0, 1, 2, 3, 4, 5]
		},
		{
			"name": "end_3",
			"isOpen": false,
			"shade": true,
			"display": {"visibility": true, "autouv": true},
			"children": [6, 7, 8]
		},
		{
			"name": "end",
			"isOpen": false,
			"shade": true,
			"display": {"visibility": true, "autouv": true},
			"children": [9, 10, 11]
		},
		{
			"name": "end_1",
			"isOpen": false,
			"shade": true,
			"display": {"visibility": true, "autouv": true},
			"children": [12, 13, 14]
		},
		{
			"name": "end_2",
			"isOpen": false,
			"shade": true,
			"display": {"visibility": true, "autouv": true},
			"children": [15, 16, 17]
		},
		18,
		19,
		20,
		21,
		22
	]
}