{
	"credit": "Made by MysticalSpire with the Blockbench Tool",
	"ambientocclusion": false,
	"textures": {
		"0": "extrablocks/doors/custom_oak_door_additional",
		"1": "extrablocks/doors/custom_oak_door",
		"2": "extrablocks/doors/custom_oak_door_lower",
		"particle": "extrablocks/doors/custom_oak_door"
	},
	"elements": [
		{
			"name": "plank 1 t",
			"from": [-0.25, 0, 13.75],
			"to": [1.75, 15.75, 15.75],
			"faces": {
				"north": {"uv": [14, 0, 15.5, 16], "texture": "#1"},
				"east": {
					"uv": [15.75, 0.25, 13.75, 16],
					"texture": "#1"
				},
				"south": {"uv": [14, 0, 15.5, 16], "texture": "#1"},
				"west": {
					"uv": [13.75, 0.25, 15.75, 16],
					"texture": "#1"
				},
				"up": {
					"uv": [0, 9.75, 2.5, 11.25],
					"texture": "#1",
					"rotation": 270
				},
				"down": {
					"uv": [7, 11.5, 9, 13.5],
					"texture": "#1",
					"rotation": 90
				}
			}
		},
		{
			"name": "plank 1",
			"from": [0, 0, 13.5],
			"to": [1.5, 16, 16],
			"faces": {
				"north": {"uv": [14, 0, 15.5, 16], "texture": "#2"},
				"east": {"uv": [16, 0, 13.5, 16], "texture": "#2"},
				"south": {"uv": [14, 0, 15.5, 16], "texture": "#2"},
				"west": {"uv": [13.5, 0, 16, 16], "texture": "#1"},
				"up": {
					"uv": [0, 9.75, 2.5, 11.25],
					"texture": "#1",
					"rotation": 270
				},
				"down": {
					"uv": [6.75, 11.75, 9.25, 13.25],
					"texture": "#1",
					"rotation": 90
				}
			}
		},
		{
			"name": "plank 2 t",
			"from": [0, 0, 0],
			"to": [1.5, 16, 2.5],
			"faces": {
				"north": {"uv": [14, 0, 15.5, 16], "texture": "#2"},
				"east": {"uv": [2.5, 0, 0, 16], "texture": "#1"},
				"south": {"uv": [14, 0, 15.5, 16], "texture": "#2"},
				"west": {"uv": [0, 0, 2.5, 16], "texture": "#1"},
				"up": {
					"uv": [0, 10.5, 2.5, 12],
					"texture": "#1",
					"rotation": 90
				},
				"down": {
					"uv": [6.75, 11.75, 9.25, 13.25],
					"texture": "#1",
					"rotation": 270
				}
			}
		},
		{
			"name": "plank 2",
			"from": [-0.25, 0, 0.25],
			"to": [1.75, 15.75, 2.25],
			"faces": {
				"north": {"uv": [14, 0, 15.5, 16], "texture": "#1"},
				"east": {
					"uv": [2.25, 0.25, 0.25, 16],
					"texture": "#1"
				},
				"south": {"uv": [14, 0, 15.5, 16], "texture": "#1"},
				"west": {
					"uv": [0.25, 0.25, 2.25, 16],
					"texture": "#1"
				},
				"up": {
					"uv": [0, 10.5, 2.5, 12],
					"texture": "#1",
					"rotation": 90
				},
				"down": {
					"uv": [7, 11.5, 9, 13.5],
					"texture": "#1",
					"rotation": 270
				}
			}
		},
		{
			"name": "plank 3 t",
			"from": [-0.25, 13.75, 2.75],
			"to": [1.75, 15.75, 13.25],
			"faces": {
				"north": {
					"uv": [0, 0, 0.25, 0.25],
					"texture": "#1",
					"tintindex": 0
				},
				"east": {
					"uv": [2.75, 0.25, 13.25, 2.25],
					"texture": "#1",
					"tintindex": 0
				},
				"south": {
					"uv": [0, 0, 0.25, 0.25],
					"texture": "#1",
					"tintindex": 0
				},
				"west": {
					"uv": [2.75, 0.25, 13.25, 2.25],
					"texture": "#1",
					"tintindex": 0
				},
				"up": {
					"uv": [2.5, 0.5, 13.5, 2],
					"texture": "#1",
					"rotation": 90,
					"tintindex": 0
				},
				"down": {
					"uv": [2.5, 0.5, 13.5, 2],
					"texture": "#1",
					"rotation": 90,
					"tintindex": 0
				}
			}
		},
		{
			"name": "plank 3",
			"from": [0, 13.5, 2.5],
			"to": [1.5, 16, 13.5],
			"faces": {
				"north": {
					"uv": [0, 0, 0.25, 0.25],
					"texture": "#1",
					"tintindex": 0
				},
				"east": {
					"uv": [2.5, 0, 13.5, 2.5],
					"texture": "#1",
					"tintindex": 0
				},
				"south": {
					"uv": [0, 0, 0.25, 0.25],
					"texture": "#1",
					"tintindex": 0
				},
				"west": {
					"uv": [2.5, 0, 13.5, 2.5],
					"texture": "#1",
					"tintindex": 0
				},
				"up": {
					"uv": [2.5, 0.5, 13.5, 2],
					"texture": "#1",
					"rotation": 90,
					"tintindex": 0
				},
				"down": {
					"uv": [2.5, 0.5, 13.5, 2],
					"texture": "#1",
					"rotation": 90,
					"tintindex": 0
				}
			}
		},
		{
			"name": "plank 4 t",
			"from": [-0.25, 0.25, 7],
			"to": [1.75, 13.25, 9],
			"faces": {
				"north": {
					"uv": [7.25, 2.75, 8.75, 15.75],
					"texture": "#1"
				},
				"east": {
					"uv": [7, 2.75, 9, 15.75],
					"texture": "#1"
				},
				"south": {
					"uv": [7.25, 2.75, 8.75, 15.75],
					"texture": "#1"
				},
				"west": {
					"uv": [7, 2.75, 9, 15.75],
					"texture": "#1"
				},
				"up": {
					"uv": [7, 7.25, 9, 9.25],
					"texture": "#1",
					"rotation": 90
				},
				"down": {
					"uv": [7, 9.25, 9, 11.25],
					"texture": "#1",
					"rotation": 90
				}
			}
		},
		{
			"name": "plank 4",
			"from": [0, 0, 6.75],
			"to": [1.5, 13.5, 9.25],
			"faces": {
				"north": {
					"uv": [7.25, 2.5, 8.75, 16],
					"texture": "#1"
				},
				"east": {
					"uv": [6.75, 2.5, 9.25, 16],
					"texture": "#1"
				},
				"south": {
					"uv": [7.25, 2.5, 8.75, 16],
					"texture": "#1"
				},
				"west": {
					"uv": [6.75, 2.5, 9.25, 16],
					"texture": "#1"
				},
				"up": {
					"uv": [0, 1.75, 2.5, 3.25],
					"texture": "#1",
					"rotation": 90
				},
				"down": {
					"uv": [6.75, 9.5, 9.25, 11],
					"texture": "#1",
					"rotation": 90
				}
			}
		},
		{
			"name": "cube",
			"from": [-0.5, 12, -0.5],
			"to": [2, 13, 0.5],
			"faces": {
				"north": {
					"uv": [0, 4.5, 2.5, 5.5],
					"texture": "#0"
				},
				"east": {
					"uv": [2.5, 4.5, 3.5, 5.5],
					"texture": "#0"
				},
				"south": {
					"uv": [0, 4.5, 2.5, 5.5],
					"texture": "#0"
				},
				"west": {
					"uv": [3.5, 4.5, 2.5, 5.5],
					"texture": "#0"
				},
				"up": {"uv": [0, 4.5, 2.5, 5.5], "texture": "#0"},
				"down": {"uv": [0, 5.5, 2.5, 4.5], "texture": "#0"}
			}
		},
		{
			"name": "handle 0",
			"from": [-0.5, -1.75, 14],
			"to": [-0.25, 1.75, 15.5],
			"faces": {
				"north": {
					"uv": [1.5, 0.5, 1.75, 4],
					"texture": "#0"
				},
				"east": {"uv": [1.5, 0.5, 3, 4], "texture": "#0"},
				"south": {
					"uv": [1.5, 0.5, 1.75, 4],
					"texture": "#0"
				},
				"west": {"uv": [1.5, 0.5, 3, 4], "texture": "#0"},
				"up": {
					"uv": [1, 3.25, 0.75, 1.75],
					"texture": "#0"
				},
				"down": {"uv": [1, 3, 0.75, 1.5], "texture": "#0"}
			}
		},
		{
			"name": "handle 7",
			"from": [-2.125, 0.875, 11.25],
			"to": [-1.125, 1.125, 14.25],
			"rotation": {
				"angle": 0,
				"axis": "z",
				"origin": [-1.625, 1, 12.75]
			},
			"faces": {
				"north": {"uv": [0, 1.5, 1, 1.75], "texture": "#0"},
				"east": {
					"uv": [0, 4.5, 0.25, 1.5],
					"texture": "#0",
					"rotation": 90
				},
				"south": {"uv": [0, 1.5, 1, 1.75], "texture": "#0"},
				"west": {
					"uv": [0, 1.5, 0.25, 4.5],
					"texture": "#0",
					"rotation": 90
				},
				"up": {"uv": [0, 4.5, 1, 1.5], "texture": "#0"},
				"down": {
					"uv": [1, 4.5, 0, 1.5],
					"texture": "#0",
					"rotation": 180
				}
			}
		},
		{
			"name": "handle 6",
			"from": [-1.875, 0.375, 13.5],
			"to": [-1.375, 0.875, 14.75],
			"rotation": {
				"angle": 22.5,
				"axis": "x",
				"origin": [-1.625, 0.625, 14]
			},
			"faces": {
				"north": {"uv": [0, 0, 0.5, 0.5], "texture": "#0"},
				"east": {"uv": [0, 0, 1.25, 0.5], "texture": "#0"},
				"south": {"uv": [0, 0, 0.5, 0.5], "texture": "#0"},
				"west": {"uv": [0, 0, 1.25, 0.5], "texture": "#0"},
				"up": {
					"uv": [1.25, 0.5, 0, 0],
					"texture": "#0",
					"rotation": 90
				},
				"down": {
					"uv": [1.25, 0.5, 0, 0],
					"texture": "#0",
					"rotation": 90
				}
			}
		},
		{
			"name": "handle 1",
			"from": [-2, 0.25, 14.5],
			"to": [-0.25, 0.75, 15],
			"faces": {
				"north": {"uv": [0, 0, 1.75, 0.5], "texture": "#0"},
				"east": {"uv": [1, 0, 1.5, 0.5], "texture": "#0"},
				"south": {"uv": [0, 0, 1.75, 0.5], "texture": "#0"},
				"west": {"uv": [1, 0, 1.5, 0.5], "texture": "#0"},
				"up": {"uv": [1.75, 0.5, 0, 0], "texture": "#0"},
				"down": {"uv": [1.75, 0.5, 0, 0], "texture": "#0"}
			}
		},
		{
			"name": "handle 2",
			"from": [-0.75, 0, 14.5],
			"to": [-0.5, 1, 15],
			"faces": {
				"north": {
					"uv": [0.5, 0.5, 0.75, 1.5],
					"texture": "#0"
				},
				"east": {
					"uv": [0.75, 0.5, 1.25, 1.5],
					"texture": "#0"
				},
				"south": {
					"uv": [0.5, 0.5, 0.75, 1.5],
					"texture": "#0"
				},
				"west": {
					"uv": [0.75, 0.5, 1.25, 1.5],
					"texture": "#0"
				},
				"up": {
					"uv": [1.25, 0.75, 0.75, 0.5],
					"texture": "#0",
					"rotation": 90
				},
				"down": {
					"uv": [1.25, 1.5, 0.75, 1.25],
					"texture": "#0",
					"rotation": 90
				}
			}
		},
		{
			"name": "handle 5",
			"from": [-2, 0, 14.5],
			"to": [-1.25, 1, 15],
			"faces": {
				"north": {"uv": [0, 0, 0.75, 1], "texture": "#0"},
				"east": {
					"uv": [0.75, 0.5, 1.25, 1.5],
					"texture": "#0"
				},
				"south": {"uv": [0, 0, 0.75, 1], "texture": "#0"},
				"west": {
					"uv": [0.75, 0.5, 1.25, 1.5],
					"texture": "#0"
				},
				"up": {"uv": [0.75, 0.5, 0, 0], "texture": "#0"},
				"down": {"uv": [0.75, 0.5, 0, 0], "texture": "#0"}
			}
		},
		{
			"name": "handle 3",
			"from": [-0.75, 0.25, 14.25],
			"to": [-0.5, 0.75, 15.25],
			"faces": {
				"north": {"uv": [0, 0, 0.25, 0.5], "texture": "#0"},
				"east": {
					"uv": [0.5, 0.75, 1.5, 1.25],
					"texture": "#0"
				},
				"south": {"uv": [0, 0, 0.25, 0.5], "texture": "#0"},
				"west": {
					"uv": [0.5, 0.75, 1.5, 1.25],
					"texture": "#0"
				},
				"up": {"uv": [0.25, 1, 0, 0], "texture": "#0"},
				"down": {"uv": [0.25, 1, 0, 0], "texture": "#0"}
			}
		},
		{
			"name": "handle 4",
			"from": [-2, 0.25, 14.25],
			"to": [-1.25, 0.75, 15.25],
			"faces": {
				"north": {"uv": [0, 0, 0.25, 0.5], "texture": "#0"},
				"east": {
					"uv": [0.5, 0.75, 1.5, 1.25],
					"texture": "#0"
				},
				"south": {"uv": [0, 0, 0.25, 0.5], "texture": "#0"},
				"west": {
					"uv": [0.5, 0.75, 1.5, 1.25],
					"texture": "#0"
				},
				"up": {"uv": [0.75, 1, 0, 0], "texture": "#0"},
				"down": {"uv": [0.75, 1, 0, 0], "texture": "#0"}
			}
		},
		{
			"name": "handle 0",
			"from": [1.75, -1.75, 14],
			"to": [2, 1.75, 15.5],
			"faces": {
				"north": {
					"uv": [1.75, 0.5, 1.5, 4],
					"texture": "#0"
				},
				"east": {"uv": [3, 0.5, 1.5, 4], "texture": "#0"},
				"south": {
					"uv": [1.75, 0.5, 1.5, 4],
					"texture": "#0"
				},
				"west": {"uv": [3, 0.5, 1.5, 4], "texture": "#0"},
				"up": {
					"uv": [0.75, 3.25, 1, 1.75],
					"texture": "#0"
				},
				"down": {"uv": [0.75, 3, 1, 1.5], "texture": "#0"}
			}
		},
		{
			"name": "handle 7",
			"from": [2.625, 0.875, 11.25],
			"to": [3.625, 1.125, 14.25],
			"rotation": {
				"angle": 0,
				"axis": "z",
				"origin": [3.125, 1, 12.75]
			},
			"faces": {
				"north": {"uv": [1, 1.5, 0, 1.75], "texture": "#0"},
				"east": {
					"uv": [0.25, 4.5, 0, 1.5],
					"texture": "#0",
					"rotation": 90
				},
				"south": {"uv": [1, 1.5, 0, 1.75], "texture": "#0"},
				"west": {
					"uv": [0.25, 1.5, 0, 4.5],
					"texture": "#0",
					"rotation": 90
				},
				"up": {"uv": [1, 4.5, 0, 1.5], "texture": "#0"},
				"down": {
					"uv": [0, 4.5, 1, 1.5],
					"texture": "#0",
					"rotation": 180
				}
			}
		},
		{
			"name": "handle 6",
			"from": [2.875, 0.375, 13.5],
			"to": [3.375, 0.875, 14.75],
			"rotation": {
				"angle": 22.5,
				"axis": "x",
				"origin": [3.125, 0.625, 14]
			},
			"faces": {
				"north": {"uv": [0.5, 0, 0, 0.5], "texture": "#0"},
				"east": {"uv": [1.25, 0, 0, 0.5], "texture": "#0"},
				"south": {"uv": [0.5, 0, 0, 0.5], "texture": "#0"},
				"west": {"uv": [1.25, 0, 0, 0.5], "texture": "#0"},
				"up": {
					"uv": [0, 0.5, 1.25, 0],
					"texture": "#0",
					"rotation": 90
				},
				"down": {
					"uv": [0, 0.5, 1.25, 0],
					"texture": "#0",
					"rotation": 90
				}
			}
		},
		{
			"name": "handle 1",
			"from": [1.75, 0.25, 14.5],
			"to": [3.5, 0.75, 15],
			"faces": {
				"north": {"uv": [1.75, 0, 0, 0.5], "texture": "#0"},
				"east": {"uv": [1.5, 0, 1, 0.5], "texture": "#0"},
				"south": {"uv": [1.75, 0, 0, 0.5], "texture": "#0"},
				"west": {"uv": [1.5, 0, 1, 0.5], "texture": "#0"},
				"up": {"uv": [0, 0.5, 1.75, 0], "texture": "#0"},
				"down": {"uv": [0, 0.5, 1.75, 0], "texture": "#0"}
			}
		},
		{
			"name": "handle 2",
			"from": [2, 0, 14.5],
			"to": [2.25, 1, 15],
			"faces": {
				"north": {
					"uv": [0.75, 0.5, 0.5, 1.5],
					"texture": "#0"
				},
				"east": {
					"uv": [1.25, 0.5, 0.75, 1.5],
					"texture": "#0"
				},
				"south": {
					"uv": [0.75, 0.5, 0.5, 1.5],
					"texture": "#0"
				},
				"west": {
					"uv": [1.25, 0.5, 0.75, 1.5],
					"texture": "#0"
				},
				"up": {
					"uv": [0.75, 0.75, 1.25, 0.5],
					"texture": "#0",
					"rotation": 90
				},
				"down": {
					"uv": [0.75, 1.5, 1.25, 1.25],
					"texture": "#0",
					"rotation": 90
				}
			}
		},
		{
			"name": "handle 5",
			"from": [2.75, 0, 14.5],
			"to": [3.5, 1, 15],
			"faces": {
				"north": {"uv": [0.75, 0, 0, 1], "texture": "#0"},
				"east": {
					"uv": [1.25, 0.5, 0.75, 1.5],
					"texture": "#0"
				},
				"south": {"uv": [0.75, 0, 0, 1], "texture": "#0"},
				"west": {
					"uv": [1.25, 0.5, 0.75, 1.5],
					"texture": "#0"
				},
				"up": {"uv": [0, 0.5, 0.75, 0], "texture": "#0"},
				"down": {"uv": [0, 0.5, 0.75, 0], "texture": "#0"}
			}
		},
		{
			"name": "handle 3",
			"from": [2, 0.25, 14.25],
			"to": [2.25, 0.75, 15.25],
			"faces": {
				"north": {"uv": [0.25, 0, 0, 0.5], "texture": "#0"},
				"east": {
					"uv": [1.5, 0.75, 0.5, 1.25],
					"texture": "#0"
				},
				"south": {"uv": [0.25, 0, 0, 0.5], "texture": "#0"},
				"west": {
					"uv": [1.5, 0.75, 0.5, 1.25],
					"texture": "#0"
				},
				"up": {"uv": [0, 1, 0.25, 0], "texture": "#0"},
				"down": {"uv": [0, 1, 0.25, 0], "texture": "#0"}
			}
		},
		{
			"name": "handle 4",
			"from": [2.75, 0.25, 14.25],
			"to": [3.5, 0.75, 15.25],
			"faces": {
				"north": {"uv": [0.25, 0, 0, 0.5], "texture": "#0"},
				"east": {
					"uv": [1.5, 0.75, 0.5, 1.25],
					"texture": "#0"
				},
				"south": {"uv": [0.25, 0, 0, 0.5], "texture": "#0"},
				"west": {
					"uv": [1.5, 0.75, 0.5, 1.25],
					"texture": "#0"
				},
				"up": {"uv": [0, 1, 0.75, 0], "texture": "#0"},
				"down": {"uv": [0, 1, 0.75, 0], "texture": "#0"}
			}
		},
		{
			"name": "glass",
			"from": [0.75, 0, 2.5],
			"to": [0.75, 13.5, 13.5],
			"faces": {
				"north": {
					"uv": [2.5, 2.5, 13.5, 16],
					"texture": "#1"
				},
				"east": {
					"uv": [2.5, 2.5, 13.5, 16],
					"texture": "#1"
				},
				"south": {
					"uv": [2.5, 2.5, 13.5, 16],
					"texture": "#1"
				},
				"west": {
					"uv": [2.5, 2.5, 13.5, 16],
					"texture": "#1"
				},
				"up": {"uv": [2.5, 2.5, 13.5, 16], "texture": "#1"},
				"down": {
					"uv": [2.5, 2.5, 13.5, 16],
					"texture": "#1"
				}
			}
		}
	],
	"groups": [
		{
			"name": "planks",
			"isOpen": true,
			"shade": true,
			"display": {"visibility": true, "autouv": false},
			"children": [0, 1, 2, 3, 4, 5, 6, 7, 8]
		},
		{
			"name": "handle 2",
			"isOpen": true,
			"shade": true,
			"display": {"visibility": true, "autouv": false},
			"children": [9, 10, 11, 12, 13, 14, 15, 16]
		},
		{
			"name": "handle 1",
			"isOpen": true,
			"shade": true,
			"display": {"visibility": true, "autouv": false},
			"children": [17, 18, 19, 20, 21, 22, 23, 24]
		},
		25
	]
}