{
	"credit": "Made by MysticalSpire with the Blockbench Tool",
	"ambientocclusion": false,
	"textures": {
		"0": "extrablocks/doors/custom_oak_door_additional",
		"1": "extrablocks/doors/custom_oak_door",
		"2": "extrablocks/doors/custom_oak_door_lower",
		"particle": "extrablocks/doors/custom_oak_door"
	},
	"elements": [
		{
			"name": "plank 1 t",
			"from": [-0.25, 0.25, 0.25],
			"to": [1.75, 16, 2.25],
			"faces": {
				"north": {"uv": [15.5, 16, 14, 0], "texture": "#2"},
				"east": {
					"uv": [2.25, 16, 0.25, 0.25],
					"texture": "#2"
				},
				"south": {"uv": [15.5, 16, 14, 0], "texture": "#2"},
				"west": {
					"uv": [0.25, 16, 2.25, 0.25],
					"texture": "#2"
				},
				"up": {
					"uv": [7, 10.25, 9, 12.25],
					"texture": "#2",
					"rotation": 90
				},
				"down": {
					"uv": [0, 9.75, 2.5, 11.25],
					"texture": "#2",
					"rotation": 270
				}
			}
		},
		{
			"name": "plank 1",
			"from": [0, 0, 0],
			"to": [1.5, 16, 2.5],
			"faces": {
				"north": {"uv": [15.5, 16, 14, 0], "texture": "#2"},
				"east": {"uv": [2.5, 16, 0, 0], "texture": "#2"},
				"south": {"uv": [15.5, 16, 14, 0], "texture": "#2"},
				"west": {"uv": [0, 16, 2.5, 0], "texture": "#2"},
				"up": {
					"uv": [6.75, 10.5, 9.25, 12],
					"texture": "#2",
					"rotation": 90
				},
				"down": {
					"uv": [0, 9.75, 2.5, 11.25],
					"texture": "#2",
					"rotation": 270
				}
			}
		},
		{
			"name": "plank 2 t",
			"from": [0, 0, 13.5],
			"to": [1.5, 16, 16],
			"faces": {
				"north": {"uv": [15.5, 16, 14, 0], "texture": "#2"},
				"east": {"uv": [13.5, 16, 16, 0], "texture": "#2"},
				"south": {"uv": [15.5, 16, 14, 0], "texture": "#2"},
				"west": {"uv": [16, 16, 13.5, 0], "texture": "#2"},
				"up": {
					"uv": [6.75, 11, 9.25, 12.5],
					"texture": "#2",
					"rotation": 270
				},
				"down": {
					"uv": [0, 10.5, 2.5, 12],
					"texture": "#2",
					"rotation": 90
				}
			}
		},
		{
			"name": "plank 2",
			"from": [-0.25, 0.25, 13.75],
			"to": [1.75, 16, 15.75],
			"faces": {
				"north": {"uv": [15.5, 16, 14, 0], "texture": "#1"},
				"east": {
					"uv": [15.75, 16, 13.75, 0.25],
					"texture": "#1"
				},
				"south": {"uv": [15.5, 16, 14, 0], "texture": "#1"},
				"west": {
					"uv": [13.75, 16, 15.75, 0.25],
					"texture": "#1"
				},
				"up": {
					"uv": [7, 10.75, 9, 12.75],
					"texture": "#1",
					"rotation": 270
				},
				"down": {
					"uv": [0, 10.5, 2.5, 12],
					"texture": "#1",
					"rotation": 90
				}
			}
		},
		{
			"name": "plank 5 t",
			"from": [-0.25, 13.75, 2.75],
			"to": [1.75, 15.75, 13.25],
			"faces": {
				"north": {
					"uv": [0.25, 0.25, 0, 0],
					"texture": "#2",
					"tintindex": 0
				},
				"east": {
					"uv": [2.75, 0.25, 13.25, 2.25],
					"texture": "#2",
					"tintindex": 0
				},
				"south": {
					"uv": [0.25, 0.25, 0, 0],
					"texture": "#2",
					"tintindex": 0
				},
				"west": {
					"uv": [2.75, 0.25, 13.25, 2.25],
					"texture": "#2",
					"tintindex": 0
				},
				"up": {
					"uv": [2.5, 0.5, 13.5, 2],
					"texture": "#2",
					"rotation": 90,
					"tintindex": 0
				},
				"down": {
					"uv": [2.5, 0.5, 13.5, 2],
					"texture": "#2",
					"rotation": 90,
					"tintindex": 0
				}
			}
		},
		{
			"name": "plank 5",
			"from": [0, 13.5, 2.5],
			"to": [1.5, 16, 13.5],
			"faces": {
				"north": {
					"uv": [0.25, 0.25, 0, 0],
					"texture": "#2",
					"tintindex": 0
				},
				"east": {
					"uv": [2.5, 0, 13.5, 2.5],
					"texture": "#2",
					"tintindex": 0
				},
				"south": {
					"uv": [0.25, 0.25, 0, 0],
					"texture": "#2",
					"tintindex": 0
				},
				"west": {
					"uv": [2.5, 0, 13.5, 2.5],
					"texture": "#2",
					"tintindex": 0
				},
				"up": {
					"uv": [2.5, 14, 13.5, 15.5],
					"texture": "#2",
					"rotation": 90,
					"tintindex": 0
				},
				"down": {
					"uv": [2.5, 14, 13.5, 15.5],
					"texture": "#2",
					"rotation": 90,
					"tintindex": 0
				}
			}
		},
		{
			"name": "plank 3 t",
			"from": [-0.25, 0.25, 2.75],
			"to": [1.75, 2.25, 13.25],
			"faces": {
				"north": {
					"uv": [0.25, 0.25, 0, 0],
					"texture": "#2",
					"tintindex": 0
				},
				"east": {
					"uv": [2.75, 13.75, 13.25, 15.75],
					"texture": "#2",
					"tintindex": 0
				},
				"south": {
					"uv": [0.25, 0.25, 0, 0],
					"texture": "#2",
					"tintindex": 0
				},
				"west": {
					"uv": [2.75, 13.75, 13.25, 15.75],
					"texture": "#2",
					"tintindex": 0
				},
				"up": {
					"uv": [2.5, 0.5, 13.5, 2],
					"texture": "#2",
					"rotation": 90,
					"tintindex": 0
				},
				"down": {
					"uv": [2.5, 0.5, 13.5, 2],
					"texture": "#2",
					"rotation": 90,
					"tintindex": 0
				}
			}
		},
		{
			"name": "plank 3",
			"from": [0, 0, 2.5],
			"to": [1.5, 2.5, 13.5],
			"faces": {
				"north": {
					"uv": [0.25, 0.25, 0, 0],
					"texture": "#2",
					"tintindex": 0
				},
				"east": {
					"uv": [2.5, 0, 13.5, 2.5],
					"texture": "#2",
					"tintindex": 0
				},
				"south": {
					"uv": [0.25, 0.25, 0, 0],
					"texture": "#2",
					"tintindex": 0
				},
				"west": {
					"uv": [2.5, 0, 13.5, 2.5],
					"texture": "#2",
					"tintindex": 0
				},
				"up": {
					"uv": [2.5, 14, 13.5, 15.5],
					"texture": "#2",
					"rotation": 90,
					"tintindex": 0
				},
				"down": {
					"uv": [2.5, 14, 13.5, 15.5],
					"texture": "#2",
					"rotation": 90,
					"tintindex": 0
				}
			}
		},
		{
			"name": "plank 4 t",
			"from": [-0.25, 2.75, 7],
			"to": [1.75, 13.25, 9],
			"faces": {
				"north": {
					"uv": [7, 2.75, 9, 13.25],
					"texture": "#2"
				},
				"east": {
					"uv": [7, 2.75, 9, 13.25],
					"texture": "#2"
				},
				"south": {
					"uv": [7, 2.75, 9, 13.25],
					"texture": "#2"
				},
				"west": {
					"uv": [7, 2.75, 9, 13.25],
					"texture": "#2"
				},
				"up": {
					"uv": [7, 4.25, 9, 6.25],
					"texture": "#2",
					"rotation": 90
				},
				"down": {
					"uv": [7, 4.25, 9, 6.25],
					"texture": "#2",
					"rotation": 90
				}
			}
		},
		{
			"name": "plank 4",
			"from": [0, 2.5, 6.75],
			"to": [1.5, 13.5, 9.25],
			"faces": {
				"north": {
					"uv": [7.25, 2.5, 8.75, 13.5],
					"texture": "#2"
				},
				"east": {
					"uv": [6.75, 2.5, 9.25, 13.5],
					"texture": "#2"
				},
				"south": {
					"uv": [7.25, 2.5, 8.75, 13.5],
					"texture": "#2"
				},
				"west": {
					"uv": [6.75, 2.5, 9.25, 13.5],
					"texture": "#2"
				},
				"up": {
					"uv": [6.75, 2.25, 9.25, 13.25],
					"texture": "#2",
					"rotation": 90
				},
				"down": {
					"uv": [6.75, 2.25, 9.25, 13.25],
					"texture": "#2",
					"rotation": 90
				}
			}
		},
		{
			"name": "cube",
			"from": [-0.5, 3, -0.5],
			"to": [2, 4, 0.5],
			"faces": {
				"north": {
					"uv": [0, 4.5, 2.5, 5.5],
					"texture": "#0"
				},
				"east": {
					"uv": [2.5, 4.5, 3.5, 5.5],
					"texture": "#0"
				},
				"south": {
					"uv": [0, 4.5, 2.5, 5.5],
					"texture": "#0"
				},
				"west": {
					"uv": [2.5, 4.5, 3.5, 5.5],
					"texture": "#0",
					"rotation": 90
				},
				"up": {"uv": [0, 4.5, 2.5, 5.5], "texture": "#0"},
				"down": {"uv": [0, 5.5, 2.5, 4.5], "texture": "#0"}
			}
		},
		{
			"name": "plate 3",
			"from": [0.25, 2.75, 2.75],
			"to": [1.25, 13.25, 6.5],
			"faces": {
				"north": {
					"uv": [7.5, 2.75, 8.5, 13.25],
					"texture": "#2"
				},
				"east": {
					"uv": [9.5, 2.75, 13.25, 13.25],
					"texture": "#2"
				},
				"south": {
					"uv": [7.5, 2.75, 8.5, 13.25],
					"texture": "#2"
				},
				"west": {
					"uv": [9.5, 2.75, 13.25, 13.25],
					"texture": "#2"
				},
				"up": {
					"uv": [2.75, 2.75, 6.5, 3.75],
					"texture": "#2",
					"rotation": 90
				},
				"down": {
					"uv": [2.75, 2.75, 6.5, 3.75],
					"texture": "#2",
					"rotation": 90
				}
			}
		},
		{
			"name": "plate 2",
			"from": [0.25, 2.75, 9.5],
			"to": [1.25, 13.25, 13.25],
			"faces": {
				"north": {
					"uv": [7.5, 2.75, 8.5, 13.25],
					"texture": "#2"
				},
				"east": {
					"uv": [2.75, 2.75, 6.5, 13.25],
					"texture": "#2"
				},
				"south": {
					"uv": [7.5, 2.75, 8.5, 13.25],
					"texture": "#2"
				},
				"west": {
					"uv": [2.75, 2.75, 6.5, 13.25],
					"texture": "#2"
				},
				"up": {
					"uv": [2.75, 2.75, 6.5, 3.75],
					"texture": "#2",
					"rotation": 90
				},
				"down": {
					"uv": [2.75, 2.75, 6.5, 3.75],
					"texture": "#2",
					"rotation": 90
				}
			}
		},
		{
			"name": "plate",
			"from": [0.5, 2.5, 2.5],
			"to": [1, 13.5, 13.5],
			"faces": {
				"north": {
					"uv": [2.5, 2.5, 13.5, 13.5],
					"texture": "#2"
				},
				"east": {
					"uv": [2.5, 2.5, 13.5, 13.5],
					"texture": "#2"
				},
				"south": {
					"uv": [2.5, 2.5, 13.5, 13.5],
					"texture": "#2"
				},
				"west": {
					"uv": [2.5, 2.5, 13.5, 13.5],
					"texture": "#2"
				},
				"up": {
					"uv": [2.5, 2.5, 13.5, 13.5],
					"texture": "#2"
				},
				"down": {
					"uv": [2.5, 2.5, 13.5, 13.5],
					"texture": "#2"
				}
			}
		}
	],
	"groups": [
		{
			"name": "planks",
			"isOpen": true,
			"shade": true,
			"display": {"visibility": true, "autouv": false},
			"children": [
				0,
				1,
				2,
				3,
				4,
				5,
				6,
				7,
				8,
				9,
				10,
				11,
				12,
				13
			]
		}
	]
}