{
	"credit": "Made with Blockbench",
	"ambientocclusion": false,
	"textures": {
		"3": "gaf/block/nature/flora/other/fern_1",
		"4": "gaf/block/nature/flora/other/fern_lesser",
		"5": "gaf/block/nature/flora/other/fern_1_bottom",
		"6": "gaf/block/building/flower_pot/flower_pot_1",
		"dirt": "block/dirt",
		"particle": "gaf/block/building/flower_pot/flower_pot_1"
	},
	"elements": [
		{
			"from": [11, 0.5, 5],
			"to": [11.5, 3.5, 11],
			"rotation": {"angle": 45, "axis": "y", "origin": [8, 2, 8]},
			"faces": {
				"north": {"uv": [0, 0, 0.5, 3], "texture": "#6"},
				"east": {"uv": [0, 0, 6, 3], "texture": "#6"},
				"south": {"uv": [5.5, 0, 6, 3], "texture": "#6"},
				"west": {"uv": [0, 0, 6, 3], "texture": "#6"},
				"up": {"uv": [0, 3, 6, 3.5], "rotation": 90, "texture": "#6"},
				"down": {"uv": [0, 3, 6, 3.5], "rotation": 90, "texture": "#6"}
			}
		},
		{
			"from": [5, 0.5, 4.5],
			"to": [11, 3.5, 5],
			"rotation": {"angle": 45, "axis": "y", "origin": [8, 2, 8]},
			"faces": {
				"north": {"uv": [0, 0, 6, 3], "texture": "#6"},
				"east": {"uv": [5.5, 0, 6, 3], "texture": "#6"},
				"south": {"uv": [0, 0, 6, 3], "texture": "#6"},
				"west": {"uv": [0, 0, 0.5, 3], "texture": "#6"},
				"up": {"uv": [0, 3, 6, 3.5], "texture": "#6"},
				"down": {"uv": [0, 3, 6, 3.5], "texture": "#6"}
			}
		},
		{
			"from": [5, 0.5, 11],
			"to": [11, 3.5, 11.5],
			"rotation": {"angle": 45, "axis": "y", "origin": [8, 2, 8]},
			"faces": {
				"north": {"uv": [0, 0, 6, 3], "texture": "#6"},
				"east": {"uv": [0, 0, 0.5, 3], "texture": "#6"},
				"south": {"uv": [0, 0, 6, 3], "texture": "#6"},
				"west": {"uv": [5.5, 0, 6, 3], "texture": "#6"},
				"up": {"uv": [0, 3, 6, 3.5], "texture": "#6"},
				"down": {"uv": [0, 3, 6, 3.5], "texture": "#6"}
			}
		},
		{
			"from": [5, 0, 5],
			"to": [11, 3, 11],
			"rotation": {"angle": 45, "axis": "y", "origin": [8, 2, 8]},
			"faces": {
				"north": {"uv": [6, 6.5, 12, 9.5], "texture": "#6"},
				"east": {"uv": [6, 6.5, 12, 9.5], "texture": "#6"},
				"south": {"uv": [6, 6.5, 12, 9.5], "texture": "#6"},
				"west": {"uv": [6, 6.5, 12, 9.5], "texture": "#6"},
				"up": {"uv": [0, 0, 6, 6], "rotation": 90, "texture": "#dirt"},
				"down": {"uv": [0, 3.5, 6, 9.5], "texture": "#6", "cullface": "down"}
			}
		},
		{
			"name": "b leaf 3",
			"from": [7, 3.6, 5.5],
			"to": [15, 3.6, 10.5],
			"shade": false,
			"rotation": {"angle": 45, "axis": "y", "origin": [8, 5.25, 8]},
			"faces": {
				"north": {"uv": [4.75, 0, 9.75, 8], "texture": "#3", "tintindex": 0},
				"east": {"uv": [4.75, 0, 9.75, 8], "texture": "#3", "tintindex": 0},
				"south": {"uv": [4.75, 0, 9.75, 8], "texture": "#3", "tintindex": 0},
				"west": {"uv": [4.75, 0, 9.75, 8], "texture": "#3", "tintindex": 0},
				"up": {"uv": [4.75, 0, 9.75, 8], "rotation": 270, "texture": "#3", "tintindex": 0},
				"down": {"uv": [4.75, 8, 9.75, 0], "rotation": 90, "texture": "#5", "tintindex": 0}
			}
		},
		{
			"name": "b leaf 2",
			"from": [5.5, 3.7, 1],
			"to": [10.5, 3.7, 9],
			"shade": false,
			"rotation": {"angle": 45, "axis": "y", "origin": [8, 5.25, 8]},
			"faces": {
				"north": {"uv": [4.75, 0, 9.75, 8], "texture": "#3", "tintindex": 0},
				"east": {"uv": [4.75, 0, 9.75, 8], "texture": "#3", "tintindex": 0},
				"south": {"uv": [4.75, 0, 9.75, 8], "texture": "#3", "tintindex": 0},
				"west": {"uv": [4.75, 0, 9.75, 8], "texture": "#3", "tintindex": 0},
				"up": {"uv": [4.75, 0, 9.75, 8], "rotation": 180, "texture": "#3", "tintindex": 0},
				"down": {"uv": [4.75, 8, 9.75, 0], "rotation": 180, "texture": "#5", "tintindex": 0}
			}
		},
		{
			"name": "b leaf 1",
			"from": [1, 3.85, 5.5],
			"to": [9, 3.85, 10.5],
			"shade": false,
			"rotation": {"angle": 45, "axis": "y", "origin": [8, 5.25, 8]},
			"faces": {
				"north": {"uv": [4.75, 0, 9.75, 8], "texture": "#3", "tintindex": 0},
				"east": {"uv": [4.75, 0, 9.75, 8], "texture": "#3", "tintindex": 0},
				"south": {"uv": [4.75, 0, 9.75, 8], "texture": "#3", "tintindex": 0},
				"west": {"uv": [4.75, 0, 9.75, 8], "texture": "#3", "tintindex": 0},
				"up": {"uv": [4.75, 0, 9.75, 8], "rotation": 90, "texture": "#3", "tintindex": 0},
				"down": {"uv": [4.75, 8, 9.75, 0], "rotation": 270, "texture": "#5", "tintindex": 0}
			}
		},
		{
			"name": "b leaf 4",
			"from": [5.5, 3.8, 7],
			"to": [10.5, 3.8, 15],
			"shade": false,
			"rotation": {"angle": 45, "axis": "y", "origin": [8, 5.25, 8]},
			"faces": {
				"north": {"uv": [4.75, 0, 9.75, 8], "texture": "#3", "tintindex": 0},
				"east": {"uv": [4.75, 0, 9.75, 8], "texture": "#3", "tintindex": 0},
				"south": {"uv": [4.75, 0, 9.75, 8], "texture": "#3", "tintindex": 0},
				"west": {"uv": [4.75, 0, 9.75, 8], "texture": "#3", "tintindex": 0},
				"up": {"uv": [4.75, 0, 9.75, 8], "texture": "#3", "tintindex": 0},
				"down": {"uv": [4.75, 8, 9.75, 0], "texture": "#5", "tintindex": 0}
			}
		},
		{
			"name": "leaf top 5",
			"from": [7.00525, -0.00002, 2.59477],
			"to": [7.00525, 11.99998, 13.39477],
			"shade": false,
			"rotation": {"angle": -45, "axis": "z", "origin": [7.99825, 1, 8.00175]},
			"faces": {
				"east": {"uv": [0, 0, 16, 16], "texture": "#4", "tintindex": 0},
				"west": {"uv": [0, 0, 16, 16], "texture": "#4", "tintindex": 0}
			}
		},
		{
			"name": "leaf top 4",
			"from": [9.00525, -0.00001, 2.59476],
			"to": [9.00525, 11.99999, 13.39476],
			"shade": false,
			"rotation": {"angle": 45, "axis": "z", "origin": [8, 1, 8]},
			"faces": {
				"east": {"uv": [0, 0, 16, 16], "texture": "#4", "tintindex": 0},
				"west": {"uv": [0, 0, 16, 16], "texture": "#4", "tintindex": 0}
			}
		},
		{
			"name": "leaf top 3",
			"from": [2.60525, -0.00001, 8.99476],
			"to": [13.40525, 11.99999, 8.99476],
			"shade": false,
			"rotation": {"angle": -45, "axis": "x", "origin": [8, 1, 8]},
			"faces": {
				"north": {"uv": [0, 0, 16, 16], "texture": "#4", "tintindex": 0},
				"south": {"uv": [0, 0, 16, 16], "texture": "#4", "tintindex": 0}
			}
		},
		{
			"name": "leaf top 4",
			"from": [2.60525, -0.00001, 6.99476],
			"to": [13.40525, 11.99999, 6.99476],
			"shade": false,
			"rotation": {"angle": 45, "axis": "x", "origin": [8, 1, 8]},
			"faces": {
				"north": {"uv": [0, 0, 16, 16], "texture": "#4", "tintindex": 0},
				"south": {"uv": [0, 0, 16, 16], "texture": "#4", "tintindex": 0}
			}
		},
		{
			"name": "leaf 1 begin 1",
			"from": [7.34, 0.375, 5.75],
			"to": [7.34, 2.375, 10.25],
			"shade": false,
			"rotation": {"angle": 22.5, "axis": "z", "origin": [6.815, 4.525, 8]},
			"faces": {
				"north": {"uv": [0, 2, 4.75, 0], "texture": "#3"},
				"east": {"uv": [0, 2, 4.75, 0], "texture": "#3", "tintindex": 0},
				"south": {"uv": [0, 2, 4.75, 0], "texture": "#3", "tintindex": 0},
				"west": {"uv": [0, 2, 4.75, 0], "texture": "#5", "tintindex": 0},
				"up": {"uv": [0, 2, 4.75, 0], "texture": "#3", "tintindex": 0},
				"down": {"uv": [0, 2, 4.75, 0], "texture": "#3", "tintindex": 0}
			}
		},
		{
			"name": "leaf 1 begin 2",
			"from": [7.015, 4.19, 5.75],
			"to": [9.015, 4.19, 10.25],
			"shade": false,
			"rotation": {"angle": -45, "axis": "z", "origin": [6.815, 4.525, 8]},
			"faces": {
				"north": {"uv": [0, 2, 4.75, 4.25], "rotation": 90, "texture": "#3"},
				"east": {"uv": [0, 2, 4.75, 4.25], "rotation": 90, "texture": "#3"},
				"south": {"uv": [0, 2, 4.75, 4.25], "rotation": 90, "texture": "#3", "tintindex": 0},
				"west": {"uv": [0, 2, 4.75, 4.25], "rotation": 90, "texture": "#3"},
				"up": {"uv": [0, 2, 4.75, 4.25], "rotation": 90, "texture": "#3", "tintindex": 0},
				"down": {"uv": [0, 2, 4.75, 4.25], "rotation": 90, "texture": "#5", "tintindex": 0}
			}
		},
		{
			"name": "leaf 1 mid 1",
			"from": [5.845, 4.33, 5.75],
			"to": [6.845, 4.33, 10.25],
			"shade": false,
			"rotation": {"angle": -22.5, "axis": "z", "origin": [6.315, 4.525, 8]},
			"faces": {
				"north": {"uv": [0, 3, 4.75, 4.25], "rotation": 90, "texture": "#3"},
				"east": {"uv": [0, 3, 4.75, 4.25], "rotation": 90, "texture": "#3"},
				"south": {"uv": [0, 3, 4.75, 4.25], "rotation": 90, "texture": "#3", "tintindex": 0},
				"west": {"uv": [0, 3, 4.75, 4.25], "rotation": 90, "texture": "#3"},
				"up": {"uv": [0, 3, 4.75, 4.25], "rotation": 90, "texture": "#3", "tintindex": 0},
				"down": {"uv": [0, 3, 4.75, 4.25], "rotation": 90, "texture": "#5", "tintindex": 0}
			}
		},
		{
			"name": "leaf 1 mid 2",
			"from": [4.815, 4.525, 5.75],
			"to": [5.815, 4.525, 10.25],
			"shade": false,
			"faces": {
				"north": {"uv": [0, 4.25, 4.75, 5.5], "rotation": 90, "texture": "#3"},
				"east": {"uv": [0, 4.25, 4.75, 5.5], "rotation": 90, "texture": "#3"},
				"south": {"uv": [0, 4.25, 4.75, 5.5], "rotation": 90, "texture": "#3", "tintindex": 0},
				"west": {"uv": [0, 4.25, 4.75, 5.5], "rotation": 90, "texture": "#3"},
				"up": {"uv": [0, 4.25, 4.75, 5.5], "rotation": 90, "texture": "#3", "tintindex": 0},
				"down": {"uv": [0, 4.25, 4.75, 5.5], "rotation": 90, "texture": "#5", "tintindex": 0}
			}
		},
		{
			"name": "leaf 1 mid 3",
			"from": [3.515, 2.95, 6],
			"to": [5.515, 2.95, 10],
			"shade": false,
			"rotation": {"angle": 22.5, "axis": "z", "origin": [1.215, 2, 8]},
			"faces": {
				"north": {"uv": [0.25, 5.5, 4.5, 7.75], "rotation": 90, "texture": "#3"},
				"east": {"uv": [0.25, 5.5, 4.5, 7.75], "rotation": 90, "texture": "#3"},
				"south": {"uv": [0.25, 5.5, 4.5, 7.75], "rotation": 90, "texture": "#3", "tintindex": 0},
				"west": {"uv": [0.25, 5.5, 4.5, 7.75], "rotation": 90, "texture": "#3"},
				"up": {"uv": [0.25, 5.5, 4.5, 7.75], "rotation": 90, "texture": "#3", "tintindex": 0},
				"down": {"uv": [0.25, 5.5, 4.5, 7.75], "rotation": 90, "texture": "#5", "tintindex": 0}
			}
		},
		{
			"name": "leaf 1 end 1",
			"from": [1.715, 2, 6.5],
			"to": [3.715, 2, 9.5],
			"shade": false,
			"rotation": {"angle": 45, "axis": "z", "origin": [1.215, 2, 8]},
			"faces": {
				"north": {"uv": [0.75, 7.75, 4, 10], "rotation": 90, "texture": "#3", "tintindex": 0},
				"east": {"uv": [0.75, 7.75, 4, 10], "rotation": 90, "texture": "#3", "tintindex": 0},
				"south": {"uv": [0.75, 7.75, 4, 10], "rotation": 90, "texture": "#3", "tintindex": 0},
				"west": {"uv": [0.75, 7.75, 4, 10], "rotation": 90, "texture": "#3", "tintindex": 0},
				"up": {"uv": [0.75, 7.75, 4, 10], "rotation": 90, "texture": "#3", "tintindex": 0},
				"down": {"uv": [0.75, 7.75, 4, 10], "rotation": 90, "texture": "#5", "tintindex": 0}
			}
		},
		{
			"name": "leaf 1 end 2",
			"from": [0.755, 0.2, 6.5],
			"to": [0.755, 2.2, 9.5],
			"shade": false,
			"rotation": {"angle": -22.5, "axis": "z", "origin": [1.56485, 0.2315, 7]},
			"faces": {
				"north": {"uv": [0.75, 12, 4, 9.75], "rotation": 180, "texture": "#3", "tintindex": 0},
				"east": {"uv": [0.75, 12, 4, 9.75], "rotation": 180, "texture": "#5", "tintindex": 0},
				"south": {"uv": [0.75, 12, 4, 9.75], "rotation": 180, "texture": "#3", "tintindex": 0},
				"west": {"uv": [0.75, 12, 4, 9.75], "rotation": 180, "texture": "#3", "tintindex": 0},
				"up": {"uv": [0.75, 12, 4, 9.75], "rotation": 180, "texture": "#3", "tintindex": 0},
				"down": {"uv": [0.75, 12, 4, 9.75], "rotation": 180, "texture": "#3", "tintindex": 0}
			}
		},
		{
			"name": "leaf 1 begin 1",
			"from": [8.66, 0.375, 5.75],
			"to": [8.66, 2.375, 10.25],
			"shade": false,
			"rotation": {"angle": -22.5, "axis": "z", "origin": [9.185, 4.525, 8]},
			"faces": {
				"north": {"uv": [4.75, 2, 0, 0], "texture": "#3"},
				"east": {"uv": [4.75, 2, 0, 0], "texture": "#5", "tintindex": 0},
				"south": {"uv": [4.75, 2, 0, 0], "texture": "#3"},
				"west": {"uv": [4.75, 2, 0, 0], "texture": "#3", "tintindex": 0},
				"up": {"uv": [4.75, 2, 0, 0], "texture": "#3", "tintindex": 0},
				"down": {"uv": [4.75, 2, 0, 0], "texture": "#3", "tintindex": 0}
			}
		},
		{
			"name": "leaf 1 begin 2",
			"from": [6.985, 4.19, 5.75],
			"to": [8.985, 4.19, 10.25],
			"shade": false,
			"rotation": {"angle": 45, "axis": "z", "origin": [9.185, 4.525, 8]},
			"faces": {
				"north": {"uv": [0, 4.25, 4.75, 2], "rotation": 90, "texture": "#3"},
				"east": {"uv": [0, 4.25, 4.75, 2], "rotation": 90, "texture": "#3"},
				"south": {"uv": [0, 4.25, 4.75, 2], "rotation": 90, "texture": "#3"},
				"west": {"uv": [0, 4.25, 4.75, 2], "rotation": 90, "texture": "#3"},
				"up": {"uv": [0, 4.25, 4.75, 2], "rotation": 90, "texture": "#3", "tintindex": 0},
				"down": {"uv": [0, 4.25, 4.75, 2], "rotation": 90, "texture": "#5", "tintindex": 0}
			}
		},
		{
			"name": "leaf 1 mid 1",
			"from": [9.155, 4.33, 5.75],
			"to": [10.155, 4.33, 10.25],
			"shade": false,
			"rotation": {"angle": 22.5, "axis": "z", "origin": [9.685, 4.525, 8]},
			"faces": {
				"north": {"uv": [0, 4.25, 4.75, 3], "rotation": 90, "texture": "#3"},
				"east": {"uv": [0, 4.25, 4.75, 3], "rotation": 90, "texture": "#3"},
				"south": {"uv": [0, 4.25, 4.75, 3], "rotation": 90, "texture": "#3"},
				"west": {"uv": [0, 4.25, 4.75, 3], "rotation": 90, "texture": "#3"},
				"up": {"uv": [0, 4.25, 4.75, 3], "rotation": 90, "texture": "#3", "tintindex": 0},
				"down": {"uv": [0, 4.25, 4.75, 3], "rotation": 90, "texture": "#5", "tintindex": 0}
			}
		},
		{
			"name": "leaf 1 mid 2",
			"from": [10.185, 4.525, 5.75],
			"to": [11.185, 4.525, 10.25],
			"shade": false,
			"faces": {
				"north": {"uv": [0, 5.5, 4.75, 4.25], "rotation": 90, "texture": "#3"},
				"east": {"uv": [0, 5.5, 4.75, 4.25], "rotation": 90, "texture": "#3"},
				"south": {"uv": [0, 5.5, 4.75, 4.25], "rotation": 90, "texture": "#3"},
				"west": {"uv": [0, 5.5, 4.75, 4.25], "rotation": 90, "texture": "#3"},
				"up": {"uv": [0, 5.5, 4.75, 4.25], "rotation": 90, "texture": "#3", "tintindex": 0},
				"down": {"uv": [0, 5.5, 4.75, 4.25], "rotation": 90, "texture": "#5", "tintindex": 0}
			}
		},
		{
			"name": "leaf 1 mid 3",
			"from": [10.485, 2.95, 6],
			"to": [12.485, 2.95, 10],
			"shade": false,
			"rotation": {"angle": -22.5, "axis": "z", "origin": [14.785, 2, 8]},
			"faces": {
				"north": {"uv": [0.25, 7.75, 4.5, 5.5], "rotation": 90, "texture": "#3"},
				"east": {"uv": [0.25, 7.75, 4.5, 5.5], "rotation": 90, "texture": "#3"},
				"south": {"uv": [0.25, 7.75, 4.5, 5.5], "rotation": 90, "texture": "#3"},
				"west": {"uv": [0.25, 7.75, 4.5, 5.5], "rotation": 90, "texture": "#3"},
				"up": {"uv": [0.25, 7.75, 4.5, 5.5], "rotation": 90, "texture": "#3", "tintindex": 0},
				"down": {"uv": [0.25, 7.75, 4.5, 5.5], "rotation": 90, "texture": "#5", "tintindex": 0}
			}
		},
		{
			"name": "leaf 1 end 1",
			"from": [12.285, 2, 6.5],
			"to": [14.285, 2, 9.5],
			"shade": false,
			"rotation": {"angle": -45, "axis": "z", "origin": [14.785, 2, 8]},
			"faces": {
				"north": {"uv": [0.75, 10, 4, 7.75], "rotation": 90, "texture": "#3"},
				"east": {"uv": [0.75, 10, 4, 7.75], "rotation": 90, "texture": "#3"},
				"south": {"uv": [0.75, 10, 4, 7.75], "rotation": 90, "texture": "#3"},
				"west": {"uv": [0.75, 10, 4, 7.75], "rotation": 90, "texture": "#3"},
				"up": {"uv": [0.75, 10, 4, 7.75], "rotation": 90, "texture": "#3", "tintindex": 0},
				"down": {"uv": [0.75, 10, 4, 7.75], "rotation": 90, "texture": "#5", "tintindex": 0}
			}
		},
		{
			"name": "leaf 1 end 2",
			"from": [15.245, 0.2, 6.5],
			"to": [15.245, 2.2, 9.5],
			"shade": false,
			"rotation": {"angle": 22.5, "axis": "z", "origin": [14.43515, 0.2315, 7]},
			"faces": {
				"north": {"uv": [4, 12, 0.75, 9.75], "rotation": 180, "texture": "#3"},
				"east": {"uv": [4, 12, 0.75, 9.75], "rotation": 180, "texture": "#3", "tintindex": 0},
				"south": {"uv": [4, 12, 0.75, 9.75], "rotation": 180, "texture": "#3"},
				"west": {"uv": [4, 12, 0.75, 9.75], "rotation": 180, "texture": "#5", "tintindex": 0},
				"up": {"uv": [4, 12, 0.75, 9.75], "rotation": 180, "texture": "#3", "tintindex": 0},
				"down": {"uv": [4, 12, 0.75, 9.75], "rotation": 180, "texture": "#3", "tintindex": 0}
			}
		},
		{
			"name": "leaf 1 begin 1",
			"from": [5.75, 0.375, 8.475],
			"to": [10.25, 2.375, 8.475],
			"shade": false,
			"rotation": {"angle": 22.5, "axis": "x", "origin": [8, 4.525, 9]},
			"faces": {
				"north": {"uv": [4.75, 2, 0, 0], "texture": "#3", "tintindex": 0},
				"east": {"uv": [4.75, 2, 0, 0], "texture": "#3"},
				"south": {"uv": [4.75, 2, 0, 0], "texture": "#5", "tintindex": 0},
				"west": {"uv": [4.75, 2, 0, 0], "texture": "#3"},
				"up": {"uv": [4.75, 2, 0, 0], "rotation": 90, "texture": "#3", "tintindex": 0},
				"down": {"uv": [4.75, 2, 0, 0], "rotation": 270, "texture": "#3", "tintindex": 0}
			}
		},
		{
			"name": "leaf 1 begin 2",
			"from": [5.75, 4.19, 6.8],
			"to": [10.25, 4.19, 8.8],
			"shade": false,
			"rotation": {"angle": -45, "axis": "x", "origin": [8, 4.525, 9]},
			"faces": {
				"north": {"uv": [0, 4.25, 4.75, 2], "rotation": 90, "texture": "#3"},
				"east": {"uv": [0, 4.25, 4.75, 2], "rotation": 90, "texture": "#3"},
				"south": {"uv": [0, 4.25, 4.75, 2], "rotation": 90, "texture": "#3"},
				"west": {"uv": [0, 4.25, 4.75, 2], "rotation": 90, "texture": "#3"},
				"up": {"uv": [0, 4.25, 4.75, 2], "rotation": 180, "texture": "#3", "tintindex": 0},
				"down": {"uv": [0, 4.25, 4.75, 2], "texture": "#5", "tintindex": 0}
			}
		},
		{
			"name": "leaf 1 mid 1",
			"from": [5.75, 4.33, 8.97],
			"to": [10.25, 4.33, 9.97],
			"shade": false,
			"rotation": {"angle": -22.5, "axis": "x", "origin": [8, 4.525, 9.5]},
			"faces": {
				"north": {"uv": [0, 4.25, 4.75, 3], "rotation": 90, "texture": "#3"},
				"east": {"uv": [0, 4.25, 4.75, 3], "rotation": 90, "texture": "#3"},
				"south": {"uv": [0, 4.25, 4.75, 3], "rotation": 90, "texture": "#3"},
				"west": {"uv": [0, 4.25, 4.75, 3], "rotation": 90, "texture": "#3"},
				"up": {"uv": [0, 4.25, 4.75, 3], "rotation": 180, "texture": "#3", "tintindex": 0},
				"down": {"uv": [0, 4.25, 4.75, 3], "texture": "#5", "tintindex": 0}
			}
		},
		{
			"name": "leaf 1 mid 2",
			"from": [5.75, 4.525, 10],
			"to": [10.25, 4.525, 11],
			"shade": false,
			"faces": {
				"north": {"uv": [0, 5.5, 4.75, 4.25], "rotation": 90, "texture": "#3"},
				"east": {"uv": [0, 5.5, 4.75, 4.25], "rotation": 90, "texture": "#3"},
				"south": {"uv": [0, 5.5, 4.75, 4.25], "rotation": 90, "texture": "#3"},
				"west": {"uv": [0, 5.5, 4.75, 4.25], "rotation": 90, "texture": "#3"},
				"up": {"uv": [0, 5.5, 4.75, 4.25], "rotation": 180, "texture": "#3", "tintindex": 0},
				"down": {"uv": [0, 5.5, 4.75, 4.25], "texture": "#5", "tintindex": 0}
			}
		},
		{
			"name": "leaf 1 mid 3",
			"from": [6, 2.95, 10.3],
			"to": [10, 2.95, 12.3],
			"shade": false,
			"rotation": {"angle": 22.5, "axis": "x", "origin": [8, 2, 14.6]},
			"faces": {
				"north": {"uv": [0.25, 7.75, 4.5, 5.5], "rotation": 90, "texture": "#3"},
				"east": {"uv": [0.25, 7.75, 4.5, 5.5], "rotation": 90, "texture": "#3"},
				"south": {"uv": [0.25, 7.75, 4.5, 5.5], "rotation": 90, "texture": "#3"},
				"west": {"uv": [0.25, 7.75, 4.5, 5.5], "rotation": 90, "texture": "#3"},
				"up": {"uv": [0.25, 7.75, 4.5, 5.5], "rotation": 180, "texture": "#3", "tintindex": 0},
				"down": {"uv": [0.25, 7.75, 4.5, 5.5], "texture": "#5", "tintindex": 0}
			}
		},
		{
			"name": "leaf 1 end 1",
			"from": [6.5, 2, 12.1],
			"to": [9.5, 2, 14.1],
			"shade": false,
			"rotation": {"angle": 45, "axis": "x", "origin": [8, 2, 14.6]},
			"faces": {
				"north": {"uv": [0.75, 10, 4, 7.75], "rotation": 90, "texture": "#3"},
				"east": {"uv": [0.75, 10, 4, 7.75], "rotation": 90, "texture": "#3"},
				"south": {"uv": [0.75, 10, 4, 7.75], "rotation": 90, "texture": "#3"},
				"west": {"uv": [0.75, 10, 4, 7.75], "rotation": 90, "texture": "#3"},
				"up": {"uv": [0.75, 10, 4, 7.75], "rotation": 180, "texture": "#3", "tintindex": 0},
				"down": {"uv": [0.75, 10, 4, 7.75], "texture": "#5", "tintindex": 0}
			}
		},
		{
			"name": "leaf 1 end 2",
			"from": [6.5, 0.2, 15.06],
			"to": [9.5, 2.2, 15.06],
			"shade": false,
			"rotation": {"angle": -22.5, "axis": "x", "origin": [9, 0.2315, 14.25015]},
			"faces": {
				"north": {"uv": [4, 12, 0.75, 9.75], "rotation": 180, "texture": "#5", "tintindex": 0},
				"east": {"uv": [4, 12, 0.75, 9.75], "rotation": 180, "texture": "#3"},
				"south": {"uv": [4, 12, 0.75, 9.75], "rotation": 180, "texture": "#3", "tintindex": 0},
				"west": {"uv": [4, 12, 0.75, 9.75], "rotation": 180, "texture": "#3"},
				"up": {"uv": [4, 12, 0.75, 9.75], "rotation": 270, "texture": "#3", "tintindex": 0},
				"down": {"uv": [4, 12, 0.75, 9.75], "rotation": 90, "texture": "#3", "tintindex": 0}
			}
		},
		{
			"name": "leaf 1 begin 1",
			"from": [5.75, 0.375, 7.525],
			"to": [10.25, 2.375, 7.525],
			"shade": false,
			"rotation": {"angle": -22.5, "axis": "x", "origin": [8, 4.525, 7]},
			"faces": {
				"north": {"uv": [0, 2, 4.75, 0], "texture": "#5", "tintindex": 0},
				"east": {"uv": [0, 2, 4.75, 0], "texture": "#3"},
				"south": {"uv": [0, 2, 4.75, 0], "texture": "#3", "tintindex": 0},
				"west": {"uv": [0, 2, 4.75, 0], "texture": "#3"},
				"up": {"uv": [0, 2, 4.75, 0], "rotation": 90, "texture": "#3", "tintindex": 0},
				"down": {"uv": [0, 2, 4.75, 0], "rotation": 270, "texture": "#3", "tintindex": 0}
			}
		},
		{
			"name": "leaf 1 begin 2",
			"from": [5.75, 4.19, 7.2],
			"to": [10.25, 4.19, 9.2],
			"shade": false,
			"rotation": {"angle": 45, "axis": "x", "origin": [8, 4.525, 7]},
			"faces": {
				"north": {"uv": [0, 2, 4.75, 4.25], "rotation": 90, "texture": "#3"},
				"east": {"uv": [0, 2, 4.75, 4.25], "rotation": 90, "texture": "#3"},
				"south": {"uv": [0, 2, 4.75, 4.25], "rotation": 90, "texture": "#3"},
				"west": {"uv": [0, 2, 4.75, 4.25], "rotation": 90, "texture": "#3"},
				"up": {"uv": [0, 2, 4.75, 4.25], "rotation": 180, "texture": "#3", "tintindex": 0},
				"down": {"uv": [0, 2, 4.75, 4.25], "texture": "#5", "tintindex": 0}
			}
		},
		{
			"name": "leaf 1 mid 1",
			"from": [5.75, 4.33, 6.03],
			"to": [10.25, 4.33, 7.03],
			"shade": false,
			"rotation": {"angle": 22.5, "axis": "x", "origin": [8, 4.525, 6.5]},
			"faces": {
				"north": {"uv": [0, 3, 4.75, 4.25], "rotation": 90, "texture": "#3"},
				"east": {"uv": [0, 3, 4.75, 4.25], "rotation": 90, "texture": "#3"},
				"south": {"uv": [0, 3, 4.75, 4.25], "rotation": 90, "texture": "#3"},
				"west": {"uv": [0, 3, 4.75, 4.25], "rotation": 90, "texture": "#3"},
				"up": {"uv": [0, 3, 4.75, 4.25], "rotation": 180, "texture": "#3", "tintindex": 0},
				"down": {"uv": [0, 3, 4.75, 4.25], "texture": "#5", "tintindex": 0}
			}
		},
		{
			"name": "leaf 1 mid 2",
			"from": [5.75, 4.525, 5],
			"to": [10.25, 4.525, 6],
			"shade": false,
			"faces": {
				"north": {"uv": [0, 4.25, 4.75, 5.5], "rotation": 90, "texture": "#3"},
				"east": {"uv": [0, 4.25, 4.75, 5.5], "rotation": 90, "texture": "#3"},
				"south": {"uv": [0, 4.25, 4.75, 5.5], "rotation": 90, "texture": "#3"},
				"west": {"uv": [0, 4.25, 4.75, 5.5], "rotation": 90, "texture": "#3"},
				"up": {"uv": [0, 4.25, 4.75, 5.5], "rotation": 180, "texture": "#3", "tintindex": 0},
				"down": {"uv": [0, 4.25, 4.75, 5.5], "texture": "#5", "tintindex": 0}
			}
		},
		{
			"name": "leaf 1 mid 3",
			"from": [6, 2.95, 3.7],
			"to": [10, 2.95, 5.7],
			"shade": false,
			"rotation": {"angle": -22.5, "axis": "x", "origin": [8, 2, 1.4]},
			"faces": {
				"north": {"uv": [0.25, 5.5, 4.5, 7.75], "rotation": 90, "texture": "#3"},
				"east": {"uv": [0.25, 5.5, 4.5, 7.75], "rotation": 90, "texture": "#3"},
				"south": {"uv": [0.25, 5.5, 4.5, 7.75], "rotation": 90, "texture": "#3"},
				"west": {"uv": [0.25, 5.5, 4.5, 7.75], "rotation": 90, "texture": "#3"},
				"up": {"uv": [0.25, 5.5, 4.5, 7.75], "rotation": 180, "texture": "#3", "tintindex": 0},
				"down": {"uv": [0.25, 5.5, 4.5, 7.75], "texture": "#5", "tintindex": 0}
			}
		},
		{
			"name": "leaf 1 end 1",
			"from": [6.5, 2, 1.9],
			"to": [9.5, 2, 3.9],
			"shade": false,
			"rotation": {"angle": -45, "axis": "x", "origin": [8, 2, 1.4]},
			"faces": {
				"north": {"uv": [0.75, 7.75, 4, 10], "rotation": 90, "texture": "#3"},
				"east": {"uv": [0.75, 7.75, 4, 10], "rotation": 90, "texture": "#3"},
				"south": {"uv": [0.75, 7.75, 4, 10], "rotation": 90, "texture": "#3"},
				"west": {"uv": [0.75, 7.75, 4, 10], "rotation": 90, "texture": "#3"},
				"up": {"uv": [0.75, 7.75, 4, 10], "rotation": 180, "texture": "#3", "tintindex": 0},
				"down": {"uv": [0.75, 7.75, 4, 10], "texture": "#5", "tintindex": 0}
			}
		},
		{
			"name": "leaf 1 end 2",
			"from": [6.5, 0.2, 0.94],
			"to": [9.5, 2.2, 0.94],
			"rotation": {"angle": 22.5, "axis": "x", "origin": [9, 0.2315, 1.74985]},
			"faces": {
				"north": {"uv": [0.75, 12, 4, 9.75], "rotation": 180, "texture": "#3", "tintindex": 0},
				"east": {"uv": [0.75, 12, 4, 9.75], "rotation": 180, "texture": "#3"},
				"south": {"uv": [0.75, 12, 4, 9.75], "rotation": 180, "texture": "#5", "tintindex": 0},
				"west": {"uv": [0.75, 12, 4, 9.75], "rotation": 180, "texture": "#3"},
				"up": {"uv": [0.75, 12, 4, 9.75], "rotation": 270, "texture": "#3", "tintindex": 0},
				"down": {"uv": [0.75, 12, 4, 9.75], "rotation": 90, "texture": "#3", "tintindex": 0}
			}
		},
		{
			"name": "leaf top 6",
			"from": [1.99075, 0.00104, 8.00821],
			"to": [13.99075, 12.00104, 8.00821],
			"shade": false,
			"rotation": {"angle": 45, "axis": "y", "origin": [7.99048, 5.00131, 8.00821]},
			"faces": {
				"north": {"uv": [1.75, 3.25, 13.75, 15.25], "texture": "#4", "tintindex": 0},
				"east": {"uv": [1.75, 3.25, 13.75, 15.25], "texture": "#4", "tintindex": 0},
				"south": {"uv": [1.75, 3.25, 13.75, 15.25], "texture": "#4", "tintindex": 0},
				"west": {"uv": [1.75, 3.25, 13.75, 15.25], "texture": "#4", "tintindex": 0},
				"up": {"uv": [1.75, 3.25, 13.75, 15.25], "texture": "#4", "tintindex": 0},
				"down": {"uv": [1.75, 3.25, 13.75, 15.25], "texture": "#4", "tintindex": 0}
			}
		},
		{
			"name": "leaf top 7",
			"from": [7.99021, 0.00158, 2.00821],
			"to": [7.99021, 12.00158, 14.00821],
			"shade": false,
			"rotation": {"angle": 45, "axis": "y", "origin": [7.99048, 5.00131, 8.00821]},
			"faces": {
				"north": {"uv": [1.75, 3.25, 13.75, 15.25], "texture": "#4", "tintindex": 0},
				"east": {"uv": [1.75, 3.25, 13.75, 15.25], "texture": "#4", "tintindex": 0},
				"south": {"uv": [1.75, 3.25, 13.75, 15.25], "texture": "#4", "tintindex": 0},
				"west": {"uv": [1.75, 3.25, 13.75, 15.25], "texture": "#4", "tintindex": 0},
				"up": {"uv": [1.75, 3.25, 13.75, 15.25], "rotation": 270, "texture": "#4", "tintindex": 0},
				"down": {"uv": [1.75, 3.25, 13.75, 15.25], "rotation": 90, "texture": "#4", "tintindex": 0}
			}
		},
		{
			"from": [4.5, 0.5, 5],
			"to": [5, 3.5, 11],
			"rotation": {"angle": 45, "axis": "y", "origin": [8, 2, 8]},
			"faces": {
				"north": {"uv": [5.5, 0, 6, 3], "texture": "#6"},
				"east": {"uv": [0, 0, 6, 3], "texture": "#6"},
				"south": {"uv": [0, 0, 0.5, 3], "texture": "#6"},
				"west": {"uv": [0, 0, 6, 3], "texture": "#6"},
				"up": {"uv": [0, 3, 6, 3.5], "rotation": 90, "texture": "#6"},
				"down": {"uv": [0, 3, 6, 3.5], "rotation": 90, "texture": "#6"}
			}
		}
	],
	"display": {},
	"groups": [
		{
			"name": "fern",
			"children": [0, 1, 2, 3, 4, 5, 6, 7,
				{
					"name": "Leaves",
					"children": [8, 9, 10, 11,
						{
							"name": "Leaf 1",
							"children": [12, 13, 14, 15, 16, 17, 18]
						},
						{
							"name": "Leaf 2",
							"children": [19, 20, 21, 22, 23, 24, 25]
						},
						{
							"name": "Leaf 3",
							"children": [26, 27, 28, 29, 30, 31, 32]
						},
						{
							"name": "Leaf 4",
							"children": [33, 34, 35, 36, 37, 38, 39]
						}, 40, 41]
				}, 42]
		}
	]
}