{
	"credit": "Made with Blockbench",
	"ambientocclusion": false,
	"textures": {
		"1": "gaf/block/nature/flora/vines/leaves_1",
		"vine": "block/vine",
		"particle": "block/vine"
	},
	"elements": [
		{
			"from": [0, 0, 15.2],
			"to": [16, 16, 15.2],
			"faces": {
				"north": {"uv": [0, 0, 16, 16], "texture": "#vine", "tintindex": 0},
				"south": {"uv": [0, 0, 16, 16], "texture": "#vine", "tintindex": 0}
			}
		},
		{
			"name": "leaves 4",
			"from": [0, -3.25, 16],
			"to": [16, 1.75, 16],
			"rotation": {"angle": 22.5, "axis": "x", "origin": [8, 2.5, 14]},
			"faces": {
				"north": {"uv": [0, 10.5, 16, 15.5], "texture": "#1", "tintindex": 0},
				"east": {"uv": [0, 10.5, 16, 15.5], "texture": "#1", "tintindex": 0},
				"south": {"uv": [0, 10.5, 16, 15.5], "texture": "#1", "tintindex": 0},
				"west": {"uv": [0, 10.5, 16, 15.5], "texture": "#1", "tintindex": 0},
				"up": {"uv": [0, 10.5, 16, 15.5], "texture": "#1", "tintindex": 0},
				"down": {"uv": [0, 10.5, 16, 15.5], "texture": "#1", "tintindex": 0}
			}
		},
		{
			"name": "leaves 1",
			"from": [1.5, 8.5, 10.5],
			"to": [17.5, 13.5, 10.5],
			"rotation": {"angle": 22.5, "axis": "x", "origin": [8, 2.5, 14]},
			"faces": {
				"north": {"uv": [0, 0, 16, 5], "texture": "#1", "tintindex": 0},
				"east": {"uv": [0, 0, 16, 5], "texture": "#1", "tintindex": 0},
				"south": {"uv": [0, 0, 16, 5], "texture": "#1", "tintindex": 0},
				"west": {"uv": [0, 0, 16, 5], "texture": "#1", "tintindex": 0},
				"up": {"uv": [0, 0, 16, 5], "texture": "#1", "tintindex": 0},
				"down": {"uv": [0, 0, 16, 5], "texture": "#1", "tintindex": 0}
			}
		},
		{
			"name": "leaves 2",
			"from": [-1, 5, 12],
			"to": [9, 10, 12],
			"rotation": {"angle": 22.5, "axis": "x", "origin": [8, 2.5, 14]},
			"faces": {
				"north": {"uv": [6, 5.25, 16, 10.25], "texture": "#1", "tintindex": 0},
				"east": {"uv": [6, 5.25, 16, 10.25], "texture": "#1", "tintindex": 0},
				"south": {"uv": [6, 5.25, 16, 10.25], "texture": "#1", "tintindex": 0},
				"west": {"uv": [6, 5.25, 16, 10.25], "texture": "#1", "tintindex": 0},
				"up": {"uv": [6, 5.25, 16, 10.25], "texture": "#1", "tintindex": 0},
				"down": {"uv": [6, 5.25, 16, 10.25], "texture": "#1", "tintindex": 0}
			}
		},
		{
			"name": "leaves 3",
			"from": [0, 1, 13],
			"to": [16, 6, 13],
			"rotation": {"angle": 45, "axis": "x", "origin": [8, 2.5, 14]},
			"faces": {
				"north": {"uv": [16, 0, 0, 5], "texture": "#1", "tintindex": 0},
				"east": {"uv": [0, 0, 16, 5], "texture": "#1", "tintindex": 0},
				"south": {"uv": [0, 0, 16, 5], "texture": "#1", "tintindex": 0},
				"west": {"uv": [0, 0, 16, 5], "texture": "#1", "tintindex": 0},
				"up": {"uv": [0, 0, 16, 5], "texture": "#1", "tintindex": 0},
				"down": {"uv": [0, 0, 16, 5], "texture": "#1", "tintindex": 0}
			}
		},
		{
			"name": "leaves 6",
			"from": [5, -1, 15],
			"to": [10, 4, 15],
			"rotation": {"angle": 22.5, "axis": "x", "origin": [8, 2.5, 14]},
			"faces": {
				"north": {"uv": [0, 5.25, 5, 10.25], "texture": "#1", "tintindex": 0},
				"east": {"uv": [0, 5.25, 5, 10.25], "texture": "#1", "tintindex": 0},
				"south": {"uv": [0, 5.25, 5, 10.25], "texture": "#1", "tintindex": 0},
				"west": {"uv": [0, 5.25, 5, 10.25], "texture": "#1", "tintindex": 0},
				"up": {"uv": [0, 5.25, 5, 10.25], "texture": "#1", "tintindex": 0},
				"down": {"uv": [0, 5.25, 5, 10.25], "texture": "#1", "tintindex": 0}
			}
		},
		{
			"name": "leaves 5",
			"from": [8, 4, 9],
			"to": [13, 9, 9],
			"rotation": {"angle": 45, "axis": "x", "origin": [8, 2.5, 14]},
			"faces": {
				"north": {"uv": [5, 5.25, 0, 10.25], "texture": "#1", "tintindex": 0},
				"east": {"uv": [0, 5.25, 5, 10.25], "texture": "#1", "tintindex": 0},
				"south": {"uv": [0, 5.25, 5, 10.25], "texture": "#1", "tintindex": 0},
				"west": {"uv": [0, 5.25, 5, 10.25], "texture": "#1", "tintindex": 0},
				"up": {"uv": [0, 5.25, 5, 10.25], "texture": "#1", "tintindex": 0},
				"down": {"uv": [0, 5.25, 5, 10.25], "texture": "#1", "tintindex": 0}
			}
		},
		{
			"from": [0, 15.7, -0.5],
			"to": [16, 15.7, 15.5],
			"faces": {
				"up": {"uv": [0, 0, 16, 16], "texture": "#vine", "tintindex": 0},
				"down": {"uv": [0, 0, 16, 16], "rotation": 180, "texture": "#vine", "tintindex": 0}
			}
		},
		{
			"name": "leaves 4",
			"from": [-2, 10.75, 10],
			"to": [14, 15.75, 10],
			"rotation": {"angle": 22.5, "axis": "y", "origin": [8, 11.25, 1]},
			"faces": {
				"north": {"uv": [0, 10.5, 16, 15.5], "texture": "#1", "tintindex": 0},
				"east": {"uv": [0, 10.5, 16, 15.5], "texture": "#1", "tintindex": 0},
				"south": {"uv": [0, 10.5, 16, 15.5], "texture": "#1", "tintindex": 0},
				"west": {"uv": [0, 10.5, 16, 15.5], "texture": "#1", "tintindex": 0},
				"up": {"uv": [0, 10.5, 16, 15.5], "texture": "#1", "tintindex": 0},
				"down": {"uv": [0, 10.5, 16, 15.5], "texture": "#1", "tintindex": 0}
			}
		},
		{
			"name": "leaves 1",
			"from": [1.5, 11, 2],
			"to": [17.5, 11, 7],
			"rotation": {"angle": 22.5, "axis": "x", "origin": [8, 14.5, 13]},
			"faces": {
				"north": {"uv": [0, 0, 16, 5], "rotation": 180, "texture": "#1", "tintindex": 0},
				"east": {"uv": [0, 0, 16, 5], "rotation": 90, "texture": "#1", "tintindex": 0},
				"south": {"uv": [0, 0, 16, 5], "texture": "#1", "tintindex": 0},
				"west": {"uv": [0, 0, 16, 5], "rotation": 270, "texture": "#1", "tintindex": 0},
				"up": {"uv": [0, 0, 16, 5], "texture": "#1", "tintindex": 0},
				"down": {"uv": [0, 0, 16, 5], "rotation": 180, "texture": "#1", "tintindex": 0}
			}
		},
		{
			"name": "leaves 2",
			"from": [-1, 12.5, 5.5],
			"to": [9, 12.5, 10.5],
			"rotation": {"angle": 22.5, "axis": "x", "origin": [8, 14.5, 13]},
			"faces": {
				"north": {"uv": [6, 5.25, 16, 10.25], "rotation": 180, "texture": "#1", "tintindex": 0},
				"east": {"uv": [6, 5.25, 16, 10.25], "rotation": 90, "texture": "#1", "tintindex": 0},
				"south": {"uv": [6, 5.25, 16, 10.25], "texture": "#1", "tintindex": 0},
				"west": {"uv": [6, 5.25, 16, 10.25], "rotation": 270, "texture": "#1", "tintindex": 0},
				"up": {"uv": [6, 5.25, 16, 10.25], "texture": "#1", "tintindex": 0},
				"down": {"uv": [6, 5.25, 16, 10.25], "rotation": 180, "texture": "#1", "tintindex": 0}
			}
		},
		{
			"name": "leaves 3",
			"from": [0, 13, 12],
			"to": [16, 18, 12],
			"rotation": {"angle": -45, "axis": "x", "origin": [8, 14.5, 13]},
			"faces": {
				"north": {"uv": [16, 0, 0, 5], "texture": "#1", "tintindex": 0},
				"east": {"uv": [0, 0, 16, 5], "texture": "#1", "tintindex": 0},
				"south": {"uv": [0, 0, 16, 5], "texture": "#1", "tintindex": 0},
				"west": {"uv": [0, 0, 16, 5], "texture": "#1", "tintindex": 0},
				"up": {"uv": [0, 0, 16, 5], "texture": "#1", "tintindex": 0},
				"down": {"uv": [0, 0, 16, 5], "texture": "#1", "tintindex": 0}
			}
		},
		{
			"name": "leaves 6",
			"from": [5, 15.5, 11.5],
			"to": [10, 15.5, 16.5],
			"rotation": {"angle": 22.5, "axis": "x", "origin": [8, 14.5, 13]},
			"faces": {
				"north": {"uv": [0, 5.25, 5, 10.25], "rotation": 180, "texture": "#1", "tintindex": 0},
				"east": {"uv": [0, 5.25, 5, 10.25], "rotation": 90, "texture": "#1", "tintindex": 0},
				"south": {"uv": [0, 5.25, 5, 10.25], "texture": "#1", "tintindex": 0},
				"west": {"uv": [0, 5.25, 5, 10.25], "rotation": 270, "texture": "#1", "tintindex": 0},
				"up": {"uv": [0, 5.25, 5, 10.25], "texture": "#1", "tintindex": 0},
				"down": {"uv": [0, 5.25, 5, 10.25], "rotation": 180, "texture": "#1", "tintindex": 0}
			}
		},
		{
			"name": "leaves 5",
			"from": [8, 16, 8],
			"to": [13, 21, 8],
			"rotation": {"angle": -45, "axis": "x", "origin": [8, 14.5, 13]},
			"faces": {
				"north": {"uv": [5, 5.25, 0, 10.25], "texture": "#1", "tintindex": 0},
				"east": {"uv": [0, 5.25, 5, 10.25], "texture": "#1", "tintindex": 0},
				"south": {"uv": [0, 5.25, 5, 10.25], "texture": "#1", "tintindex": 0},
				"west": {"uv": [0, 5.25, 5, 10.25], "texture": "#1", "tintindex": 0},
				"up": {"uv": [0, 5.25, 5, 10.25], "texture": "#1", "tintindex": 0},
				"down": {"uv": [0, 5.25, 5, 10.25], "texture": "#1", "tintindex": 0}
			}
		}
	],
	"groups": [
		{
			"name": "side 1",
			"children": [0, 1, 2, 3, 4, 5, 6]
		},
		{
			"name": "side 2",
			"children": [7, 8, 9, 10, 11, 12, 13]
		}
	]
}