{
	"credit": "Made by TCF with the Blockbench Tool",
	"ambientocclusion": false,
	"textures": {
		"0": "gaf/block/building/light/custom_redstone_torch_off",
		"2": "gaf/block/building/light/flame",
		"3": "gaf/block/building/light/custom_torch",
		"particle": "gaf/block/building/light/custom_torch"
	},
	"elements": [
		{
			"name": "flame",
			"from": [2.5, 11.75, 7.125],
			"to": [2.5, 14.75, 9.125],
			"shade": false,
			"rotation": {
				"angle": 0,
				"axis": "y",
				"origin": [2.5, 13.25, 8.125]
			},
			"faces": {
				"north": {"uv": [3, 4, 11, 16], "texture": "#2"},
				"east": {"uv": [3, 4, 11, 16], "texture": "#2"},
				"south": {"uv": [3, 4, 11, 16], "texture": "#2"},
				"west": {"uv": [4, 4, 12, 16], "texture": "#2"},
				"up": {
					"uv": [3, 4, 11, 16],
					"texture": "#2",
					"rotation": 90
				},
				"down": {
					"uv": [3, 4, 11, 16],
					"texture": "#2",
					"rotation": 270
				}
			}
		},
		{
			"name": "wick",
			"from": [1.625, 11.75, 8],
			"to": [3.625, 14.75, 8],
			"shade": false,
			"faces": {
				"north": {"uv": [3, 4, 11, 16], "texture": "#2"},
				"east": {"uv": [4, 4, 12, 16], "texture": "#2"},
				"south": {"uv": [4, 4, 12, 16], "texture": "#2"},
				"west": {"uv": [4, 4, 12, 16], "texture": "#2"},
				"up": {"uv": [4, 4, 12, 16], "texture": "#2"},
				"down": {"uv": [4, 4, 12, 16], "texture": "#2"}
			}
		},
		{
			"name": "candle",
			"from": [1, 7.5, 6.5],
			"to": [4, 12, 9.5],
			"shade": false,
			"rotation": {
				"angle": 45,
				"axis": "y",
				"origin": [2.5, 9.75, 8]
			},
			"faces": {
				"north": {"uv": [0, 0, 3, 4.5], "texture": "#3"},
				"east": {"uv": [0, 0, 3, 4.5], "texture": "#3"},
				"south": {"uv": [0, 0, 3, 4.5], "texture": "#3"},
				"west": {"uv": [0, 0, 3, 4.5], "texture": "#3"},
				"up": {"uv": [5, 0, 8, 3], "texture": "#3"},
				"down": {"uv": [0, 0, 3, 4.5], "texture": "#3"}
			}
		},
		{
			"name": "plate b 3",
			"from": [0.75, 5.75, 6.25],
			"to": [4.25, 7.25, 9.75],
			"rotation": {
				"angle": 0,
				"axis": "y",
				"origin": [3, 6.25, 8.5]
			},
			"faces": {
				"north": {
					"uv": [0, 13, 3.5, 14.5],
					"texture": "#0"
				},
				"east": {"uv": [0, 13, 3.5, 14.5], "texture": "#0"},
				"south": {
					"uv": [0, 13, 3.5, 14.5],
					"texture": "#0"
				},
				"west": {"uv": [0, 13, 3.5, 14.5], "texture": "#0"},
				"up": {"uv": [0.5, 6, 4, 9.5], "texture": "#0"},
				"down": {"uv": [0.5, 6, 4, 9.5], "texture": "#0"}
			}
		},
		{
			"name": "plate",
			"from": [0.25, 6.5, 5.75],
			"to": [4.75, 7.5, 10.25],
			"rotation": {
				"angle": 0,
				"axis": "y",
				"origin": [2.5, 7, 8]
			},
			"faces": {
				"north": {"uv": [0, 9, 4.5, 10], "texture": "#0"},
				"east": {"uv": [0, 9, 4.5, 10], "texture": "#0"},
				"south": {"uv": [0, 9, 4.5, 10], "texture": "#0"},
				"west": {"uv": [0, 9, 4.5, 10], "texture": "#0"},
				"up": {"uv": [0, 5.5, 4.5, 10], "texture": "#0"},
				"down": {"uv": [0, 5.5, 4.5, 10], "texture": "#0"}
			}
		},
		{
			"name": "border 4",
			"from": [4.75, 7, 5.75],
			"to": [5, 8, 10.25],
			"faces": {
				"north": {
					"uv": [0.25, 4.5, 4.75, 5.5],
					"texture": "#0"
				},
				"east": {
					"uv": [0.25, 4.5, 4.75, 5.5],
					"texture": "#0"
				},
				"south": {
					"uv": [0.25, 4.5, 4.75, 5.5],
					"texture": "#0"
				},
				"west": {
					"uv": [0.25, 4.5, 4.75, 5.5],
					"texture": "#0"
				},
				"up": {
					"uv": [0.25, 4.5, 4.75, 4.75],
					"texture": "#0",
					"rotation": 90
				},
				"down": {
					"uv": [0.25, 4.5, 4.75, 4.75],
					"texture": "#0",
					"rotation": 90
				}
			}
		},
		{
			"name": "border 3",
			"from": [0, 7, 5.75],
			"to": [0.25, 8, 10.25],
			"faces": {
				"north": {
					"uv": [0.25, 4.5, 4.75, 5.5],
					"texture": "#0"
				},
				"east": {
					"uv": [0.25, 4.5, 4.75, 5.5],
					"texture": "#0"
				},
				"south": {
					"uv": [0.25, 4.5, 4.75, 5.5],
					"texture": "#0"
				},
				"west": {
					"uv": [0.25, 4.5, 4.75, 5.5],
					"texture": "#0"
				},
				"up": {
					"uv": [0.25, 4.5, 4.75, 4.75],
					"texture": "#0",
					"rotation": 90
				},
				"down": {
					"uv": [0.25, 4.5, 4.75, 4.75],
					"texture": "#0",
					"rotation": 90
				}
			}
		},
		{
			"name": "border 2",
			"from": [0, 7, 10.25],
			"to": [5, 8, 10.5],
			"rotation": {
				"angle": 0,
				"axis": "y",
				"origin": [2.5, 7.5, 10.375]
			},
			"faces": {
				"north": {"uv": [0, 4.5, 5, 5.5], "texture": "#0"},
				"east": {
					"uv": [4.75, 4.5, 5, 5.5],
					"texture": "#0"
				},
				"south": {"uv": [0, 4.5, 5, 5.5], "texture": "#0"},
				"west": {
					"uv": [0, 4.5, 0.25, 5.5],
					"texture": "#0"
				},
				"up": {"uv": [0, 4.5, 5, 4.75], "texture": "#0"},
				"down": {"uv": [0, 4.5, 5, 4.75], "texture": "#0"}
			}
		},
		{
			"name": "border 1",
			"from": [0, 7, 5.5],
			"to": [5, 8, 5.75],
			"faces": {
				"north": {"uv": [0, 4.5, 5, 5.5], "texture": "#0"},
				"east": {
					"uv": [4.75, 4.5, 5, 5.5],
					"texture": "#0"
				},
				"south": {"uv": [0, 4.5, 5, 5.5], "texture": "#0"},
				"west": {
					"uv": [0, 4.5, 0.25, 5.5],
					"texture": "#0"
				},
				"up": {"uv": [0, 4.5, 5, 4.75], "texture": "#0"},
				"down": {"uv": [0, 4.5, 5, 4.75], "texture": "#0"}
			}
		},
		{
			"name": "wax bit 3",
			"from": [3, 7.25, 9],
			"to": [3.5, 7.75, 9.5],
			"rotation": {
				"angle": 22.5,
				"axis": "y",
				"origin": [3.25, 7.5, 9.25]
			},
			"faces": {
				"north": {
					"uv": [1.75, 1, 2.25, 1.5],
					"texture": "#3"
				},
				"east": {
					"uv": [1.75, 1, 2.25, 1.5],
					"texture": "#3"
				},
				"south": {
					"uv": [1.75, 1, 2.25, 1.5],
					"texture": "#3"
				},
				"west": {
					"uv": [1.75, 1, 2.25, 1.5],
					"texture": "#3"
				},
				"up": {"uv": [1.75, 1, 2.25, 1.5], "texture": "#3"},
				"down": {
					"uv": [1.75, 1, 2.25, 1.5],
					"texture": "#3"
				}
			}
		},
		{
			"name": "wax bit 2",
			"from": [3.5, 7.25, 6.5],
			"to": [4, 7.75, 7],
			"rotation": {
				"angle": 22.5,
				"axis": "y",
				"origin": [3.75, 7.5, 6.75]
			},
			"faces": {
				"north": {
					"uv": [1.75, 1, 2.25, 1.5],
					"texture": "#3"
				},
				"east": {
					"uv": [1.75, 1, 2.25, 1.5],
					"texture": "#3"
				},
				"south": {
					"uv": [1.75, 1, 2.25, 1.5],
					"texture": "#3"
				},
				"west": {
					"uv": [1.75, 1, 2.25, 1.5],
					"texture": "#3"
				},
				"up": {"uv": [1.75, 1, 2.25, 1.5], "texture": "#3"},
				"down": {
					"uv": [1.75, 1, 2.25, 1.5],
					"texture": "#3"
				}
			}
		},
		{
			"name": "wax bit 1",
			"from": [1, 7.5, 7],
			"to": [1.5, 8, 7.5],
			"rotation": {
				"angle": -22.5,
				"axis": "y",
				"origin": [1.25, 7.75, 7.25]
			},
			"faces": {
				"north": {"uv": [1.5, 1, 2, 1.5], "texture": "#3"},
				"east": {"uv": [1.5, 1, 2, 1.5], "texture": "#3"},
				"south": {"uv": [1.5, 1, 2, 1.5], "texture": "#3"},
				"west": {"uv": [1.5, 1, 2, 1.5], "texture": "#3"},
				"up": {"uv": [1.5, 1, 2, 1.5], "texture": "#3"},
				"down": {"uv": [1.5, 1, 2, 1.5], "texture": "#3"}
			}
		},
		{
			"name": "support",
			"from": [0, 1, 6.25],
			"to": [0.75, 6.5, 9.75],
			"faces": {
				"north": {
					"uv": [4.5, 5.5, 5.25, 11],
					"texture": "#0"
				},
				"east": {"uv": [4.5, 5.5, 8, 11], "texture": "#0"},
				"south": {
					"uv": [4.5, 5.5, 5.25, 11],
					"texture": "#0"
				},
				"west": {"uv": [4.5, 5.5, 8, 11], "texture": "#0"},
				"up": {"uv": [4.5, 5.5, 8, 6.25], "texture": "#0"},
				"down": {"uv": [4.5, 10.25, 8, 11], "texture": "#0"}
			}
		},
		{
			"name": "deco 1",
			"from": [0.75, 0.75, 8],
			"to": [4.75, 5.75, 8],
			"rotation": {
				"angle": 0,
				"axis": "y",
				"origin": [0, 3.25, 8]
			},
			"faces": {
				"north": {
					"uv": [8.5, 5.5, 12.5, 10.5],
					"texture": "#0"
				},
				"east": {
					"uv": [8.5, 5.5, 12.5, 10.5],
					"texture": "#0"
				},
				"south": {
					"uv": [12.5, 5.5, 8.5, 10.5],
					"texture": "#0"
				},
				"west": {
					"uv": [8.5, 5.5, 12.5, 10.5],
					"texture": "#0"
				},
				"up": {
					"uv": [8.5, 5.5, 12.5, 10.5],
					"texture": "#0"
				},
				"down": {
					"uv": [8.5, 5.5, 12.5, 10.5],
					"texture": "#0"
				}
			}
		}
	]
}